YouBike Station ID,YouBike Station Name,Closest Weather Station,Distance (km)
500101001,YouBike2.0_捷運科技大樓站,Da'an Forest Park,0.834340773728332
500101002,YouBike2.0_復興南路二段273號前,Da'an Forest Park,0.853219165825943
500101003,YouBike2.0_國北教大實小東側門,Da'an Forest Park,0.768182961688614
500101004,YouBike2.0_和平公園東側,Da'an Forest Park,0.93986712453759
500101005,YouBike2.0_辛亥復興路口西北側,NTU,0.880607664263394
500101006,YouBike2.0_復興南路二段280號前,Da'an Forest Park,0.915772258135012
500101007,YouBike2.0_復興南路二段340巷口,NTU,0.993035055057044
500101008,YouBike2.0_新生南路三段52號前,NTU,0.930374953612413
500101009,YouBike2.0_新生南路三段66號前,NTU,0.827966916675126
500101010,YouBike2.0_新生南路三段82號前,NTU,0.781110716076743
500101012,YouBike2.0_辛亥路一段30號前,NTU,1.14912679833043
500101013,YouBike2.0_和平復興路口西北側,Da'an Forest Park,0.844477144574896
500101014,YouBike2.0_羅斯福路三段311號前,NTU,0.812365456968003
500101015,YouBike2.0_大安運動中心停車場,NTU,0.977555938430812
500101016,YouBike2.0_羅斯福路三段245號前,NTU,1.10919202741806
500101018,YouBike2.0_溫州公園,NTU,0.94690053619228
500101019,YouBike2.0_和平臥龍街口,Da'an Forest Park,1.19367392578058
500101020,YouBike2.0_溫州停車場,NTU,0.974364365896016
500101021,YouBike2.0_銘傳國小側門,NTU,0.399110931962399
500101022,YouBike2.0_捷運公館站(2號出口),NTU,0.513122880360112
500101023,YouBike2.0_第二學生活動中心,NTU,0.34882027450625
500101024,YouBike2.0_臺灣科技大學正門,NTU,0.2039063991226
500101025,YouBike2.0_臺灣科技大學側門,NTU,0.150482333018426
500101026,YouBike2.0_公館公園,NTU,0.344291115971217
500101027,YouBike2.0_臺灣科技大學後門,NTU,0.353533842713283
500101028,YouBike2.0_臺大醫學院附設癌醫中心,NTU,0.444537310369245
500101029,YouBike2.0_臺大環研大樓,NTU,0.605974209829685
500101030,YouBike2.0_臺大永齡生醫工程館,NTU,0.725006609419467
500101031,YouBike2.0_臺大男七舍前,NTU,0.773017927830699
500101032,YouBike2.0_臺大男一舍前,NTU,0.642230095260092
500101033,YouBike2.0_臺大男六舍前,NTU,0.639771125597966
500101034,YouBike2.0_臺大動物醫院前,NTU,0.38901319571673
500101035,YouBike2.0_臺大土木研究大樓前,NTU,0.916902639819123
500101036,YouBike2.0_臺大萬才館前,NTU,0.873052869921935
500101037,YouBike2.0_臺大國青大樓宿舍前,NTU,0.872114340633644
500101038,YouBike2.0_臺大社科院圖書館前,NTU,0.821916950347896
500101039,YouBike2.0_臺大法人語言訓練中心前,NTU,0.76214871209429
500101040,YouBike2.0_臺大綜合體育館停車場前,Da'an Forest Park,0.814186048050547
500101041,YouBike2.0_辛亥新生路口東南側,Da'an Forest Park,0.831063179355877
500101042,YouBike2.0_基隆長興路口東側,NTU,0.628800598102822
500101091,YouBike2.0_國北教大側門南側,NTU,1.19733336424779
500101092,YouBike2.0_和平實小東北側,NTU,1.12134708303707
500101093,YouBike2.0_大安區健康服務中心,NTU,0.924714602270098
500101094,YouBike2.0_辛亥泰順街口,Da'an Forest Park,0.964812168990696
500101095,YouBike2.0_芳和國中,NTU,1.19651024215914
500101097,YouBike2.0_臥龍樂業街口,NTU,1.69909192160231
500101098,YouBike2.0_臥龍公園,NTU,1.12661563085449
500101099,YouBike2.0_嘉興公園,NTU,1.48193336501086
500101100,YouBike2.0_捷運麟光站(2號出口),NTU,2.05020951136759
500101101,YouBike2.0_捷運六張犁站,NTU,1.71453086984861
500101102,YouBike2.0_喬治工商,Xinyi,1.50496044996945
500101103,YouBike2.0_法治公園,Xinyi,1.66268256754769
500101104,YouBike2.0_捷運臺電大樓站(2號出口),NTU,1.20406865072781
500101105,YouBike2.0_和平金山路口,Da'an Forest Park,1.15354650219232
500101107,YouBike2.0_和平龍泉街口,Da'an Forest Park,0.750332022506164
500101108,YouBike2.0_和平泰順街口,Da'an Forest Park,0.591293123238422
500101109,YouBike2.0_臺灣師範大學(圖書館),Da'an Forest Park,0.737430117274254
500101110,YouBike2.0_捷運古亭站(6號出口),Taipei,1.33666282615006
500101111,YouBike2.0_捷運古亭站(5號出口),Da'an Forest Park,1.37335242722163
500101113,YouBike2.0_臺北市立圖書館(總館),Da'an Forest Park,0.176493189219069
500101114,YouBike2.0_新生和平路口東北側,Da'an Forest Park,0.349250367078958
500101115,YouBike2.0_建國和平路口西北側,Da'an Forest Park,0.402223952233425
500101116,YouBike2.0_金華公園,Da'an Forest Park,0.526803864153823
500101117,YouBike2.0_捷運東門站(3號出口),Da'an Forest Park,0.947640666174378
500101118,YouBike2.0_金甌女中,Taipei,1.01123488829802
500101119,YouBike2.0_金杭公園,Taipei,1.07656116303854
500101120,YouBike2.0_愛國金山路口,Da'an Forest Park,1.00303011446835
500101122,YouBike2.0_敦化南路二段293巷口南側,NTU,1.42237383349835
500101123,YouBike2.0_敦化基隆路口,NTU,1.25732058429569
500101124,YouBike2.0_安和路二段181巷口,Da'an Forest Park,1.39686648772496
500101125,YouBike2.0_臨江街夜市(通化街101巷口),Xinyi,1.4059172212295
500101126,YouBike2.0_臨江街夜市(基隆路),Xinyi,1.20202316398845
500101127,YouBike2.0_台北科技大學億光大樓,Da'an Forest Park,1.36936995454792
500101128,YouBike2.0_新生南路一段119巷口,Da'an Forest Park,1.20745453569578
500101129,YouBike2.0_幸安國小(仁愛路),Da'an Forest Park,0.890300628463809
500101130,YouBike2.0_民榮公園,Da'an Forest Park,0.647497641790814
500101131,YouBike2.0_復興南路1段340巷口,Da'an Forest Park,1.10040856804449
500101132,YouBike2.0_建國濟南路口,Da'an Forest Park,1.1041844884242
500101133,YouBike2.0_捷運忠孝復興站(2號出口),Songshan,1.15437393965935
500101134,YouBike2.0_捷運大安站(4號出口),Da'an Forest Park,0.868853212755492
500101135,YouBike2.0_捷運大安站(2號出口),Da'an Forest Park,0.683625734761495
500101136,YouBike2.0_信義大安路口(信維大樓),Da'an Forest Park,1.09631519850116
500101137,YouBike2.0_龍門廣場,Songshan,0.890583999220044
500101138,YouBike2.0_仁愛安和路口,Xinyi,1.18591028119018
500101139,YouBike2.0_信義敦化路口,Da'an Forest Park,1.42440502323994
500101140,YouBike2.0_仁愛國中,Songshan,1.29659681672815
500101141,YouBike2.0_捷運信義安和站(2號出口),Xinyi,1.40430952924661
500101142,YouBike2.0_八德市場,Songshan,1.46201161473121
500101143,YouBike2.0_昌隆公園,Songshan,1.20194670617672
500101144,YouBike2.0_捷運大安森林公園站(2號出口),Da'an Forest Park,0.460807529942222
500101145,YouBike2.0_信義延吉街口,Xinyi,0.902322292707221
500101146,YouBike2.0_光信公園(光復南路456巷),Xinyi,0.907889957536786
500101147,YouBike2.0_僑安地下停車場(2號出口)東南側,Xinyi,0.789566016252862
500101148,YouBike2.0_建國南路一段279巷口,Da'an Forest Park,0.781155269964248
500101149,YouBike2.0_捷運忠孝新生站(6號出口),Da'an Forest Park,1.30248870084186
500101150,YouBike2.0_捷運忠孝新生站(4號出口),Da'an Forest Park,1.45504304886127
500101151,YouBike2.0_大安高工,Da'an Forest Park,0.742158756438893
500101152,YouBike2.0_捷運忠孝新生站(3號出口),Da'an Forest Park,1.390400960312
500101153,YouBike2.0_瑠公公園,Songshan,0.860228335692718
500101154,YouBike2.0_敦化市民路口,Songshan,0.548279195636589
500101155,YouBike2.0_捷運大安森林公園站(5號出口),Da'an Forest Park,0.422220211409748
500101156,YouBike2.0_信義建國路口,Da'an Forest Park,0.379199570447712
500101157,YouBike2.0_東豐公園,Da'an Forest Park,1.12024968197093
500101158,YouBike2.0_德安公園(四維路66巷),Da'an Forest Park,1.28477808850353
500101159,YouBike2.0_捷運忠孝復興站(5號出口),Songshan,0.938326887031828
500101160,YouBike2.0_捷運忠孝敦化站(2號出口),Songshan,0.819979126506989
500101161,YouBike2.0_捷運忠孝敦化站(7號出口),Songshan,0.796011088167397
500101162,YouBike2.0_忠孝東路四段223巷口(市民大道側),Songshan,0.55203481266224
500101163,YouBike2.0_瑞安街208巷,Da'an Forest Park,0.42975790061083
500101165,YouBike2.0_樂利路21巷口,Da'an Forest Park,1.5317083671134
500101166,YouBike2.0_捷運科技大樓站(台北教育大學),Da'an Forest Park,0.959369524083416
500101167,YouBike2.0_捷運國父紀念館站(2號出口),Xinyi,0.813571272376463
500101168,YouBike2.0_仁愛醫院,Da'an Forest Park,1.31302032652139
500101169,YouBike2.0_捷運信義安和站(4號出口),Xinyi,1.21291343261175
500101170,YouBike2.0_成功國宅,Da'an Forest Park,1.09264388714444
500101171,YouBike2.0_仁愛延吉街口,Xinyi,0.904727750196169
500101172,YouBike2.0_捷運信義安和站(1號出口),Xinyi,1.30519354048697
500101173,YouBike2.0_敦化南路二段103巷口,Da'an Forest Park,1.29125684418046
500101174,YouBike2.0_復興南路二段128巷口,Da'an Forest Park,0.722105264816002
500101175,YouBike2.0_和平東建國南路口,Da'an Forest Park,0.444667313102951
500101176,YouBike2.0_芳蘭山莊,NTU,0.8839573882629
500101177,YouBike2.0_復興南路一段126巷口,Songshan,0.962975702373896
500101179,YouBike2.0_捷運東門站(5號出口),Da'an Forest Park,0.809973292449825
500101180,YouBike2.0_仁愛路四段48巷口,Da'an Forest Park,1.28880649584352
500101181,YouBike2.0_捷運公館站(3號出口),NTU,0.588953485766832
500101182,YouBike2.0_臺北科技大學(電機工程系),Da'an Forest Park,1.37492963607024
500101184,YouBike2.0_新生南路三段94巷口,NTU,0.706268235439875
500101185,YouBike2.0_辛亥新生路口西北側,Da'an Forest Park,0.7932452015294
500101186,YouBike2.0_捷運大安站(6號出口),Da'an Forest Park,0.952267846231411
500101187,YouBike2.0_臥龍街195巷口,NTU,1.35289599915399
500101188,YouBike2.0_辛亥路三段157巷口,NTU,1.02640341860213
500101189,YouBike2.0_臥龍基隆路口,NTU,1.14221790932108
500101190,YouBike2.0_敦親公園,Da'an Forest Park,0.829639891538876
500101191,YouBike2.0_大安運動中心,NTU,0.933829284333657
500101192,YouBike2.0_和平敦化路口,Da'an Forest Park,1.41044845309383
500101193,YouBike2.0_基隆長興路口,NTU,0.585077960834837
500101194,YouBike2.0_仁愛路四段122巷口,Songshan,1.22906260681065
500101196,YouBike2.0_市民敦化路口,Songshan,0.461849034251525
500101197,YouBike2.0_忠孝東路四段49巷口,Songshan,0.925281530442492
500101198,YouBike2.0_市民復興路口(東南側),Songshan,0.784158038715977
500101199,YouBike2.0_和平新生路口西南側,Da'an Forest Park,0.451806577690643
500101200,YouBike2.0_全安公園,Da'an Forest Park,1.55776322001707
500101201,YouBike2.0_信義路三段134巷口,Da'an Forest Park,0.541365167325711
500101202,YouBike2.0_仁愛敦南圓環(東南側),Songshan,1.28517988751117
500101203,YouBike2.0_臺北遠企購物中心,Da'an Forest Park,1.31436783824456
500101204,YouBike2.0_外交部外交及國際事務學院,Songshan,1.3025307394037
500101205,YouBike2.0_四維路170巷口,Da'an Forest Park,1.25625159144945
500101206,YouBike2.0_捷運大安站(3號出口),Da'an Forest Park,0.75152601241718
500101207,YouBike2.0_捷運臺電大樓站(2號出口)_1,Da'an Forest Park,1.26594548154444
500101208,YouBike2.0_信義路四段199巷,Xinyi,1.35575286859018
500101209,YouBike2.0_臺大資訊大樓,NTU,0.775651795128819
500101210,YouBike2.0_敦化南路二段81巷,Da'an Forest Park,1.27777173059541
500101211,YouBike2.0_原臺北刑務所官舍,Da'an Forest Park,1.17787094629713
500101212,YouBike2.0_捷運國父紀念館站(1號出口),Xinyi,0.935711535008975
500101213,YouBike2.0_懷生國中,Da'an Forest Park,1.27055882452821
500101214,YouBike2.0_仁愛敦南圓環(西北側),Songshan,1.18183853397889
500101215,YouBike2.0_立人國小,Da'an Forest Park,1.5321990361591
500101216,YouBike2.0_和平東路二段18巷口,Da'an Forest Park,0.761280065006232
500101217,YouBike2.0_捷運大安站(5號出口),Da'an Forest Park,0.84405083327143
500101218,YouBike2.0_臨江公園,Xinyi,1.36922151945344
500101219,YouBike2.0_羅斯福路四段113巷19弄口,NTU,0.447613583356998
500101221,YouBike2.0_忠孝東路四段248巷口,Songshan,0.891742589740069
500101222,YouBike2.0_仁愛延吉路口(西北側),Xinyi,1.00293345628178
500101223,YouBike2.0_樂利路101巷口,Da'an Forest Park,1.67881685464467
500101224,YouBike2.0_羅斯福浦城街口,Da'an Forest Park,1.26651616133018
500101225,YouBike2.0_敦化南路一段295巷口,Songshan,1.46525268365822
500101226,YouBike2.0_通安區民活動中心,Xinyi,1.50009393757007
500101227,YouBike2.0_復興忠孝東路口(東南側),Songshan,1.11381549310181
500101228,YouBike2.0_仁愛大安路口(東北側),Songshan,1.24358410359335
500101229,YouBike2.0_臺灣師範大學(浦城街),Da'an Forest Park,0.98734755410445
500101230,YouBike2.0_安和路二段69巷口,Xinyi,1.46037004141491
500101231,YouBike2.0_大安國小,NTU,1.32336012941449
500101232,YouBike2.0_捷運古亭站(3號出口),Da'an Forest Park,1.34921077114741
500101233,YouBike2.0_捷運忠孝復興站(3號出口),Songshan,1.01841630796915
500101234,YouBike2.0_和平東路二段90巷,Da'an Forest Park,0.637738134662108
500101235,YouBike2.0_光復南路420巷口,Xinyi,0.751600118407717
500101236,YouBike2.0_富陽臥龍街口,NTU,1.82955030914276
500101237,YouBike2.0_仁愛復興路口,Da'an Forest Park,1.23239594826269
500101238,YouBike2.0_仁愛敦南圓環(東側),Songshan,1.18206463967051
500101239,YouBike2.0_古風公園,Da'an Forest Park,1.11623586056253
500101240,YouBike2.0_和平東路二段76巷,Da'an Forest Park,0.816288408185187
500101241,YouBike2.0_敦化信義路口(東南側),Da'an Forest Park,1.33890639844492
500101242,YouBike2.0_和平東路三段308巷口,NTU,1.59427479314164
500101243,YouBike2.0_忠孝建國路口(東南側),Da'an Forest Park,1.34250476651928
500101244,YouBike2.0_浦城街26巷,Da'an Forest Park,1.2360030979492
500101245,YouBike2.0_青峰活動中心,NTU,1.19522308360449
500101246,YouBike2.0_忠孝東路三段216巷口,Songshan,1.30040288609223
500101247,YouBike2.0_捷運忠孝復興站(4號出口),Songshan,1.00160731142241
500101248,YouBike2.0_和平溫州街口,Da'an Forest Park,0.457994218611936
500101250,YouBike2.0_國立臺北教育大學創意館,Da'an Forest Park,1.05647602852807
500101251,YouBike2.0_捷運忠孝復興站(1號出口),Songshan,1.01305697237648
500103001,YouBike2.0_延平國宅,Science Education Center,2.00185035407475
500103002,YouBike2.0_臺北市立圖書館大同分館,Science Education Center,2.48409283427006
500103003,YouBike2.0_合昌宮,Science Education Center,2.24489215534368
500103004,YouBike2.0_民族延平路口,Science Education Center,3.12558722273712
500103005,YouBike2.0_重慶酒泉街口,Science Education Center,2.75930730078747
500103006,YouBike2.0_樹德公園,Taipei,3.19593489169547
500103007,YouBike2.0_陳天來故居,Taipei,2.11839282471057
500103008,YouBike2.0_臺北孔廟,Science Education Center,2.50176694136978
500103009,YouBike2.0_捷運圓山站(1號出口),Science Education Center,2.79770891502478
500103010,YouBike2.0_酒泉延平路口,Science Education Center,2.74204768357279
500103011,YouBike2.0_重慶國中,Science Education Center,2.30137672701944
500103012,YouBike2.0_重慶北路三段383巷口,Science Education Center,2.27025506560141
500103013,YouBike2.0_台北數位產業園區,Science Education Center,2.45032909246163
500103019,YouBike2.0_民權延平路口(西北側),Taipei,2.86269100186381
500103020,YouBike2.0_民權迪化街口,Taipei,2.88942740983585
500103021,YouBike2.0_大稻埕公園,Taipei,2.42410207223738
500103022,YouBike2.0_大龍老人住宅,Science Education Center,3.08341508074163
500103023,YouBike2.0_大龍峒社會住宅,Science Education Center,2.83646829821015
500103024,YouBike2.0_捷運大橋頭站(2號出口),Taipei,2.82839804868969
500103025,YouBike2.0_捷運大橋頭站(1A出口),Taipei,2.85362870592506
500103026,YouBike2.0_捷運民權西路站(2號出口),Taipei,2.71193651894173
500103027,YouBike2.0_捷運雙連站(2號出口),Taipei,2.35543810400105
500103028,YouBike2.0_捷運北門站(3號出口),Taipei,1.42965707198608
500103029,YouBike2.0_朝陽公園,Taipei,2.02646651973806
500103030,YouBike2.0_永樂市場,Taipei,1.92051756320622
500103031,YouBike2.0_大龍公園,Science Education Center,2.86581302840799
500103032,YouBike2.0_重慶涼州街口,Taipei,2.5390764392039
500103033,YouBike2.0_圓山線形公園,Science Education Center,3.08628319254815
500103034,YouBike2.0_圓環站,Taipei,1.77721992477242
500103035,YouBike2.0_重慶民族路口,Science Education Center,3.09640617515662
500103036,YouBike2.0_承德路三段8巷口,Taipei,2.94541500697368
500103037,YouBike2.0_太原廣場,Taipei,1.28420547481983
500103038,YouBike2.0_國順公園,Taipei,3.1597444208281
500103039,YouBike2.0_聯合醫院中興院區,Taipei,1.73063678712423
500103040,YouBike2.0_蔣渭水紀念公園,Taipei,2.49921753508801
500103041,YouBike2.0_迪化休閒運動公園,Science Education Center,2.428745276264
500103042,YouBike2.0_大同運動中心,Taipei,3.02687558081998
500103043,YouBike2.0_重慶保安街口(家樂福重慶店),Taipei,2.38676135346195
500103044,YouBike2.0_大稻埕碼頭,Taipei,2.2168245973798
500103045,YouBike2.0_歸綏戲曲公園,Taipei,2.2628370057104
500103046,YouBike2.0_民權國中(民權西路),Taipei,2.83196467510206
500103047,YouBike2.0_承德民權路口,Taipei,2.77159258578192
500103048,YouBike2.0_南京太原路口,Taipei,1.77928376661349
500103049,YouBike2.0_承德民生西路口,Taipei,2.23157463657029
500103050,YouBike2.0_太原五原路口,Taipei,2.09379557034087
500103051,YouBike2.0_臺北轉運站(華陰街),Taipei,1.36760901131425
500103052,YouBike2.0_捷運民權西路站(3號出口),Taipei,2.67303343397943
500103053,YouBike2.0_捷運中山站(5號出口),Taipei,1.75553838770004
500103054,YouBike2.0_重慶長安路口,Taipei,1.53585623009206
500103055,YouBike2.0_承德昌吉街口,Taipei,3.14638729555635
500103056,YouBike2.0_大同16號廣場,Taipei,2.19911247974568
500103057,YouBike2.0_捷運圓山站(2號出口),Science Education Center,2.7324264318391
500103058,YouBike2.0_樹德公園_1,Taipei,3.21864296985745
500103059,YouBike2.0_承德鄭州路口(市民高架下),Taipei,1.24127846572405
500103060,YouBike2.0_成淵高中,Taipei,2.56704395723796
500103061,YouBike2.0_雙蓮國小,Taipei,2.65632099377696
500103062,YouBike2.0_寧夏涼州街口,Taipei,2.58078698569194
500103063,YouBike2.0_延平涼州街口,Taipei,2.60219842828775
500103064,YouBike2.0_大同行政中心,Taipei,3.14287323869108
500103065,YouBike2.0_大龍市場,Science Education Center,2.40404939917443
500103066,YouBike2.0_南京西寧北路口(西北側),Taipei,1.86450499729802
500103068,YouBike2.0_哈密街23巷19弄口,Science Education Center,2.30188762239206
500103069,YouBike2.0_民權西路160巷口,Taipei,2.79566794424739
500103070,YouBike2.0_重慶北路三段205巷口,Science Education Center,2.93486689248548
500103071,YouBike2.0_承德路二段91巷口,Taipei,2.08723318911583
500104001,YouBike2.0_劍潭抽水站,Science Education Center,1.67544503624972
500104002,YouBike2.0_通河東街大南路口,Science Education Center,0.806818993125537
500104003,YouBike2.0_福港街停車場,Science Education Center,1.07212253564163
500104004,YouBike2.0_百齡國小,Science Education Center,1.26381140319513
500104005,YouBike2.0_雨聲街165巷口,Tianmu,1.67094892424528
500104006,YouBike2.0_天和公園,Tianmu,0.464459782781862
500104007,YouBike2.0_中山天母路口,Tianmu,0.768452694390956
500104008,YouBike2.0_天母運動公園,Tianmu,0.331585246746205
500104009,YouBike2.0_臺北市立大學(天母校區),Tianmu,0.435788724750398
500104010,YouBike2.0_忠誠路二段53巷,Tianmu,0.838354291838766
500104012,YouBike2.0_天母棒球場,Tianmu,0.69406712922311
500104013,YouBike2.0_天母北天玉街口,Tianmu,1.11239044718436
500104014,YouBike2.0_蘭興公園,Tianmu,1.29858085913604
500104015,YouBike2.0_明勝公園,Science Education Center,1.81864221942505
500104016,YouBike2.0_劍潭海外青年活動中心,Science Education Center,1.9795654147253
500104018,YouBike2.0_忠誠路一段173巷口,Tianmu,1.24179879411143
500104019,YouBike2.0_雨農國小,Tianmu,1.54696385027514
500104020,YouBike2.0_忠誠公園,Science Education Center,1.27229345158153
500104021,YouBike2.0_芝山抽水站,Science Education Center,1.32329614583849
500104022,YouBike2.0_至誠路一段305巷口,Science Education Center,1.56822176667166
500104023,YouBike2.0_華齡公園,Science Education Center,1.5363959563915
500104024,YouBike2.0_前港公園(福德宮),Science Education Center,1.15914697185254
500104025,YouBike2.0_華齡街185巷口,Science Education Center,0.956096275766658
500104026,YouBike2.0_前港公園(前港街),Science Education Center,1.36663438044453
500104027,YouBike2.0_百齡高中,Science Education Center,1.17727935960524
500104028,YouBike2.0_捷運芝山站(2號出口),Science Education Center,0.989832964680159
500104029,YouBike2.0_臺灣戲曲中心,Science Education Center,0.71538569499892
500104030,YouBike2.0_捷運劍潭站(2號出口),Science Education Center,1.64496487832126
500104031,YouBike2.0_劍潭基河路口,Science Education Center,1.60664885919691
500104032,YouBike2.0_志成公園,Science Education Center,1.56933444430563
500104033,YouBike2.0_福林國小,Science Education Center,1.41605061037372
500104034,YouBike2.0_中山中正路口,Science Education Center,1.11213445910433
500104035,YouBike2.0_士林運動中心,Science Education Center,0.949811144667204
500104036,YouBike2.0_陽明高中,Science Education Center,0.525392052249321
500104037,YouBike2.0_兒童新樂園,Science Education Center,0.203420245973816
500104038,YouBike2.0_臺北市立天文館,Science Education Center,0.133173650697592
500104039,YouBike2.0_華聲公園,Science Education Center,0.584737441379259
500104040,YouBike2.0_福林公園,Science Education Center,1.21660644294371
500104041,YouBike2.0_捷運士林站(2號出口),Science Education Center,1.05126386420346
500104042,YouBike2.0_銘傳大學,Science Education Center,1.41042615986213
500104043,YouBike2.0_士林高商,Science Education Center,0.228181884650981
500104044,YouBike2.0_蘭雅公園,Tianmu,1.08316710489027
500104045,YouBike2.0_聯合醫院陽明院區,Tianmu,1.52743280848061
500104046,YouBike2.0_捷運芝山站(1號出口),Science Education Center,0.914911307820269
500104047,YouBike2.0_至誠公園,Tianmu,1.78444781772454
500104048,YouBike2.0_原住民文化主題公園,Tianmu,2.32411999422051
500104049,YouBike2.0_通河東街2段10巷口,Science Education Center,0.605508077849964
500104050,YouBike2.0_梅林新村,Tianmu,2.23260709657704
500104051,YouBike2.0_延平北中正路口,Science Education Center,1.27576125383295
500104052,YouBike2.0_重慶北路四段190巷口,Science Education Center,1.34443612984347
500104053,YouBike2.0_重慶北葫東街口,Science Education Center,1.4596986602632
500104054,YouBike2.0_葫蘆國小,Science Education Center,1.77979342163221
500104055,YouBike2.0_士林3號廣場,Science Education Center,1.19564383239836
500104056,YouBike2.0_社正公園,Science Education Center,1.08187998718182
500104057,YouBike2.0_社子國小,Science Education Center,1.65081688366636
500104058,YouBike2.0_社中街384巷口,Science Education Center,1.32513745109878
500104059,YouBike2.0_忠誠路一段138號,Tianmu,1.45438272760827
500104060,YouBike2.0_社子公園,Science Education Center,1.241616329231
500104061,YouBike2.0_國立故宮博物院,Tianmu,2.381961988667
500104062,YouBike2.0_泰北高中,Science Education Center,1.77227725664113
500104063,YouBike2.0_後港公園,Science Education Center,0.427874155768055
500104064,YouBike2.0_重慶北路四段117號,Science Education Center,1.56456265107813
500104065,YouBike2.0_社子島島頭公園,Shezi,0.338051325755832
500104066,YouBike2.0_延平北路八段133巷口,Shezi,1.51985108852374
500104067,YouBike2.0_坤天亭,Agriculture Guandu Station,1.33810977532083
500104068,YouBike2.0_社子島濕地解說小築,Agriculture Guandu Station,0.368165594947384
500104069,YouBike2.0_福安國中,Agriculture Guandu Station,1.50544853872484
500104070,YouBike2.0_福安消防分隊,Science Education Center,1.96188794954614
500104071,YouBike2.0_聖山綠地,Tianmu,1.26446268147999
500104072,YouBike2.0_芝山國小,Tianmu,0.79101670453395
500104073,YouBike2.0_士林新天地,Science Education Center,0.822224553648655
500104074,YouBike2.0_蘭雅國小,Shipai,1.33002889510887
500104075,YouBike2.0_中正基河路口,Science Education Center,0.461811044409117
500104076,YouBike2.0_福林公園(中正路),Science Education Center,1.36752745707299
500104077,YouBike2.0_至善臨溪路口,Tianmu,2.31850922342727
500104078,YouBike2.0_市立圖書館葫蘆堵分館,Science Education Center,1.67563661652134
500104079,YouBike2.0_東山路110巷口,Tianmu,0.542380253766356
500104080,YouBike2.0_永平社會住宅,Science Education Center,1.58288981780011
500104081,YouBike2.0_雨農橋,Science Education Center,1.66924898773814
500104082,YouBike2.0_通河街76巷/承德路四段10巷口,Science Education Center,1.8291365236055
500104083,YouBike2.0_芝山聖佑宮,Tianmu,1.59466548766163
500104084,YouBike2.0_至誠雨聲街口,Science Education Center,1.43078184261469
500104085,YouBike2.0_捷運線型公園(後街),Science Education Center,0.828717171830909
500104086,YouBike2.0_天母公園,Tianmu,1.02500100689171
500104087,YouBike2.0_基河文林路口,Science Education Center,1.38089888520639
500104088,YouBike2.0_文林福華路口,Science Education Center,0.784165982941277
500104089,YouBike2.0_劍潭海外青年活動中心_1,Science Education Center,1.99296081304261
500104090,YouBike2.0_社子國小_1,Science Education Center,1.62027559817258
500104091,YouBike2.0_捷運劍潭站(1號出口),Science Education Center,1.47100611397149
500104092,YouBike2.0_德行東山路口,Tianmu,0.804587051608209
500104094,YouBike2.0_重慶北通河西街口,Science Education Center,1.08518945125318
500104095,YouBike2.0_葫蘆國小(延平北路五段285巷),Science Education Center,1.68337867583569
500104096,YouBike2.0_社子市場,Science Education Center,1.20486127913452
500104097,YouBike2.0_士林區農會社子分部,Science Education Center,1.41885457967382
500104098,YouBike2.0_承德劍潭路口,Science Education Center,1.52586131967514
500104099,YouBike2.0_文林路101巷口,Science Education Center,1.36797545550169
500104100,YouBike2.0_延平北路五段257巷15弄口,Science Education Center,1.52838510880049
500104101,YouBike2.0_延平北路五段257巷4弄口,Science Education Center,1.50099641144079
500104102,YouBike2.0_啟明學校,Tianmu,0.247127212793299
500104103,YouBike2.0_中山福國路口,Science Education Center,1.11281114496426
500104104,YouBike2.0_德行公園,Science Education Center,1.28118258789973
500104105,YouBike2.0_承德後港街口,Science Education Center,1.68463339004372
500104106,YouBike2.0_中山北路五段698巷口,Science Education Center,1.12520097139921
500104107,YouBike2.0_捷運士林站(1號出口),Science Education Center,0.913003452824799
500104108,YouBike2.0_捷運芝山站(2號出口)_1,Science Education Center,0.991735720451168
500104109,YouBike2.0_銘傳大學(中山北路五段280巷口),Science Education Center,1.4424621741695
500104110,YouBike2.0_海光公園南側,Science Education Center,1.95152359074704
500104111,YouBike2.0_士商路40巷口,Science Education Center,0.800779106584438
500104112,YouBike2.0_劍潭郵局,Science Education Center,1.79235725251067
500104113,YouBike2.0_士東路91巷口,Tianmu,0.982577554914625
500104114,YouBike2.0_美崙公園,Science Education Center,0.286536256966136
500104115,YouBike2.0_臺北市立大學(忠誠路二段207巷),Tianmu,0.12184918866762
500104116,YouBike2.0_天母東路8巷/忠誠路二段154巷口,Tianmu,0.637640470212809
500104117,YouBike2.0_美崙公園(東北側),Science Education Center,0.333971265514557
500104118,YouBike2.0_福安河濱公園,Agriculture Guandu Station,2.14277387602329
500104119,YouBike2.0_忠誠忠義街口(北側),Tianmu,1.53663245381863
500104120,YouBike2.0_忠誠忠義街口(南側),Science Education Center,1.57098372711631
500104121,YouBike2.0_士林國小,Science Education Center,0.956614242209862
500104122,YouBike2.0_雙溪濕地公園,Science Education Center,0.360751213512538
500104123,YouBike2.0_劍潭海外青年活動中心(志清大樓),Science Education Center,2.16194391217268
500104124,YouBike2.0_天和一號公園,Tianmu,0.270615448582568
500104125,YouBike2.0_忠誠路二段178巷口,Tianmu,0.44461225240399
500104126,YouBike2.0_克強磺溪街口,Shipai,1.25422158209852
500104128,YouBike2.0_蘭雅公園(西側),Tianmu,1.21064677155218
500104129,YouBike2.0_福林路100巷77弄口,Science Education Center,1.66268554600992
500104130,YouBike2.0_福林路100巷11弄口,Science Education Center,1.62589291978268
500104131,YouBike2.0_重慶北路四段190巷口(通河西街側),Science Education Center,1.34146991891495
500104132,YouBike2.0_承德區民活動中心,Science Education Center,1.99787359750588
500105001,YouBike2.0_台北花木批發市場,NTU,1.14414223080906
500105002,YouBike2.0_捷運萬隆站(4號出口),NTU,1.2851079813274
500105003,YouBike2.0_捷運萬隆站(1號出口),NTU,1.45445754135132
500105004,YouBike2.0_萬和二號公園,NTU,1.44349686662702
500105005,YouBike2.0_捷運萬隆站(2號出口),NTU,1.4227177231412
500105006,YouBike2.0_景仁公園,NTU,2.00406165923321
500105007,YouBike2.0_捷運景美站(2號出口),NTU,2.2913266320726
500105008,YouBike2.0_羅斯福景隆街口,NTU,1.69695298128533
500105009,YouBike2.0_景福街/羅斯福路6段142巷口,NTU,1.7846268119669
500105010,YouBike2.0_興旺公園,NTU,1.42650226096083
500105011,YouBike2.0_興福國中,NTU,1.45082902233507
500105012,YouBike2.0_興隆路2段203巷,NTU,1.42691440929954
500105013,YouBike2.0_景美運動公園,NTU,1.43544989652949
500105014,YouBike2.0_景美醫院,NTU,2.53957870222254
500105015,YouBike2.0_師範大學公館校區,NTU,0.735678291785246
500105016,YouBike2.0_景華街128巷口,NTU,2.23259843752355
500105017,YouBike2.0_仙跡岩登山口(景興路),NTU,2.59325973490326
500105018,YouBike2.0_國立政治大學,Wenshan,1.66656872548572
500105019,YouBike2.0_捷運動物園站,Wenshan,0.577884534724
500105020,YouBike2.0_捷運木柵站,Wenshan,0.498470448650376
500105021,YouBike2.0_捷運萬芳社區站,Wenshan,0.898821910028132
500105022,YouBike2.0_文山運動中心,Wenshan,1.7419063330681
500105023,YouBike2.0_捷運辛亥站,Wenshan,1.92393258244789
500105024,YouBike2.0_興豐公園,NTU,1.80253663411232
500105025,YouBike2.0_木柵光輝路口,Wenshan,2.59463401769665
500105026,YouBike2.0_考試院,Wenshan,3.08986923879401
500105027,YouBike2.0_和興路26巷口,NTU,3.2180194077419
500105028,YouBike2.0_世新大學,NTU,2.87325316744295
500105029,YouBike2.0_一壽橋,Wenshan,3.35184006374982
500105030,YouBike2.0_臺北市立景美女中,Wenshan,3.11228329538103
500105031,YouBike2.0_永安藝文館-表演36房,Wenshan,2.12621422633394
500105032,YouBike2.0_忠順區民活動中心,Wenshan,2.32107386643342
500105033,YouBike2.0_景文中學,Wenshan,2.02083352470685
500105034,YouBike2.0_老泉街籃球場,Wenshan,3.39016336603851
500105035,YouBike2.0_文山行政中心,Wenshan,1.54332147219455
500105036,YouBike2.0_木柵公園,Wenshan,2.27142304568262
500105037,YouBike2.0_興隆公共住宅D2區,Wenshan,1.99667707476613
500105038,YouBike2.0_木新路3段95巷口,Wenshan,2.69701416895894
500105039,YouBike2.0_樟腳里公園,Wenshan,2.49157493067668
500105040,YouBike2.0_實踐國中,Wenshan,3.06328399459546
500105041,YouBike2.0_指南路3段2巷,Wenshan,1.92090627274288
500105042,YouBike2.0_萊茵公園,Wenshan,2.06310824953824
500105043,YouBike2.0_木柵社會住宅,Wenshan,1.71456430986244
500105044,YouBike2.0_秀明路一段185巷口,Wenshan,1.41249182113237
500105045,YouBike2.0_秀明路一段129巷口,Wenshan,1.52357404287483
500105046,YouBike2.0_恆光橋(老泉街),Wenshan,2.62200820640842
500105047,YouBike2.0_萬有3號公園,NTU,1.7490835139511
500105048,YouBike2.0_捷運萬芳醫院站(興隆路三段115巷),Wenshan,1.77177888328563
500105049,YouBike2.0_興得閱覽室,Wenshan,2.21700200197382
500105050,YouBike2.0_辛亥生態公園,Wenshan,1.95311360868021
500105051,YouBike2.0_博嘉運動公園,Wenshan,0.177189069477684
500105053,YouBike2.0_仙岩公園,NTU,2.08958830693269
500105054,YouBike2.0_政大一街口,Wenshan,1.92462292133773
500105055,YouBike2.0_文山第二行政中心,NTU,1.89289900023913
500105056,YouBike2.0_移民署訓練中心,Wenshan,2.02797619048282
500105057,YouBike2.0_海巡署(南側),Wenshan,1.84431250538159
500105058,YouBike2.0_明道國小東南側,Wenshan,2.04481385617998
500105059,YouBike2.0_木南公園,Wenshan,1.81460387508489
500105060,YouBike2.0_實踐國中(木新路三段310巷口),Wenshan,2.86336549565216
500105061,YouBike2.0_師範大學公館校區_1,NTU,0.780537594394269
500105062,YouBike2.0_捷運動物園站(2號出口),Wenshan,0.602473624586296
500105063,YouBike2.0_政大水岸電梯,Wenshan,2.29061141668539
500105064,YouBike2.0_敦南山林,Wenshan,0.112883705214799
500105066,YouBike2.0_景美污水抽水站,NTU,0.496386152070255
500105067,YouBike2.0_萬和三號公園(北側),NTU,1.23848359483912
500105068,YouBike2.0_景興國中,NTU,2.04417169003055
500105069,YouBike2.0_景仁公園_1,NTU,1.96027667073109
500105070,YouBike2.0_師大公館校區學二舍,NTU,0.850970574351223
500105071,YouBike2.0_景行公園,NTU,2.40122142479116
500105072,YouBike2.0_萬興國小,Wenshan,1.43984230528915
500105073,YouBike2.0_辛亥路四段77巷口,Wenshan,1.80196300977339
500105074,YouBike2.0_景興路42巷口,NTU,1.98687476669429
500105075,YouBike2.0_木柵路三段48巷,Wenshan,1.91725876163195
500105076,YouBike2.0_木柵路二段109巷,Wenshan,1.99494992238267
500105077,YouBike2.0_試院公園,NTU,3.00732456017249
500105079,YouBike2.0_樟樹公園,Wenshan,2.74267967328414
500105080,YouBike2.0_萬美萬安街口,Wenshan,0.539025522831792
500105081,YouBike2.0_興隆路二段203巷(敦南),NTU,1.64554032767912
500105082,YouBike2.0_新光秀明路口,Wenshan,1.16773008179227
500105083,YouBike2.0_光輝路134巷口,Wenshan,2.57892079361016
500105084,YouBike2.0_光輝公園,Wenshan,2.71257505199401
500105085,YouBike2.0_木新公園,Wenshan,2.87499395790213
500105086,YouBike2.0_興隆路二段275巷1弄口,NTU,1.86216572256803
500105087,YouBike2.0_中國科技大學,Wenshan,2.06769119077284
500105088,YouBike2.0_樟新街8巷,Wenshan,3.36057473551885
500105089,YouBike2.0_仙岩路22巷口,NTU,1.95064210563501
500105090,YouBike2.0_木柵萬芳路口,Wenshan,0.888342509265968
500105091,YouBike2.0_福興路78巷,NTU,1.56585305561589
500105092,YouBike2.0_辛亥木柵路口,Wenshan,2.81906034770612
500105093,YouBike2.0_興泰公園,NTU,1.9535684438986
500105094,YouBike2.0_興岩社會福利綜合大樓,NTU,1.81936255108537
500105095,YouBike2.0_興隆路二段22巷9弄口,NTU,1.95939944467869
500105096,YouBike2.0_木新路三段155巷口,Wenshan,2.70151289575335
500105097,YouBike2.0_景興路102巷口,NTU,2.24735726490236
500105098,YouBike2.0_景福街223巷,NTU,2.20193454803457
500105100,YouBike2.0_達賢圖書館,Wenshan,1.56019815284326
500105101,YouBike2.0_捷運木柵站(西側),Wenshan,0.537805763205332
500105102,YouBike2.0_世新大學(試院路),NTU,2.84036435454077
500105103,YouBike2.0_興隆社會住宅D1區,Wenshan,2.38307671824585
500105104,YouBike2.0_名門社區,Wenshan,0.880389112245756
500105106,YouBike2.0_政大國際會館,Wenshan,1.37601575176008
500105107,YouBike2.0_萬芳出租國宅,Wenshan,1.03841893831567
500105108,YouBike2.0_景美國小,NTU,2.76710372608904
500105109,YouBike2.0_景文街142巷口,NTU,2.88478032488375
500106001,YouBike2.0_臺北自來水事業處,NTU,0.883804084065144
500106002,YouBike2.0_汀州思源街口東南側,NTU,0.75926435176876
500106003,YouBike2.0_捷運公館站(1號出口),NTU,0.509689934586323
500106004,YouBike2.0_捷運公館站(4號出口),NTU,0.57080733265078
500106005,YouBike2.0_捷運古亭站(9號出口),Taipei,1.4019316947145
500106006,YouBike2.0_捷運古亭站(2號出口),Da'an Forest Park,1.369462024168
500106007,YouBike2.0_捷運臺電大樓站(1號出口),NTU,1.21081572415054
500106008,YouBike2.0_客家文化主題公園,Da'an Forest Park,1.53703785786623
500106009,YouBike2.0_河堤國小,Da'an Forest Park,1.54610570075443
500106010,YouBike2.0_紀州庵,Da'an Forest Park,1.85841025611437
500106011,YouBike2.0_捷運臺電大樓站(5號出口),Da'an Forest Park,1.30323079857854
500106012,YouBike2.0_捷運臺電大樓站(4號出口),Da'an Forest Park,1.29472802088289
500106013,YouBike2.0_羅斯福三段金門街口,Da'an Forest Park,1.32563709881928
500106014,YouBike2.0_牯嶺公園,Taipei,1.63325763279631
500106015,YouBike2.0_捷運古亭站(8號出口),Taipei,1.36397856670411
500106016,YouBike2.0_捷運古亭站(7號出口),Taipei,1.26078336278154
500106017,YouBike2.0_南昌公園,Taipei,1.32685717635585
500106018,YouBike2.0_和平重慶路口,Taipei,1.16837102130236
500106019,YouBike2.0_孫立人將軍官邸,Taipei,0.994738381132793
500106020,YouBike2.0_羅斯福路二段6巷口,Taipei,1.09803075804973
500106021,YouBike2.0_金華杭州南路口,Taipei,1.03939703333457
500106022,YouBike2.0_捷運中正紀念堂站(3號出口),Taipei,0.698678327449571
500106023,YouBike2.0_捷運中正紀念堂站(4號出口),Taipei,0.519773497085389
500106025,YouBike2.0_螢橋國小,Taipei,1.28510663839986
500106026,YouBike2.0_古亭智慧圖書館,Taipei,1.42337804305823
500106027,YouBike2.0_永昌公園,Taipei,1.36171905390342
500106028,YouBike2.0_中華路二段409巷口,Taipei,1.46405135097074
500106029,YouBike2.0_南機場夜市(中華路二段),Taipei,1.37943246280607
500106030,YouBike2.0_南海和平路口西南側,Taipei,1.00964875507947
500106031,YouBike2.0_莒光和平路口,Taipei,1.02523864677542
500106037,YouBike2.0_水源路11-1號旁,NTU,1.40284355691522
500106038,YouBike2.0_南門國中,Taipei,0.702101379045154
500106039,YouBike2.0_捷運小南門站(2號出口),Taipei,0.531480239154591
500106040,YouBike2.0_介壽公園,Taipei,0.189096576464442
500106041,YouBike2.0_中華貴陽街口,Taipei,0.744697034506086
500106042,YouBike2.0_華山文創園區,Taipei,1.52887242231724
500106043,YouBike2.0_捷運善導寺站(1號出口),Taipei,1.12281780387356
500106044,YouBike2.0_濟南紹興路口,Taipei,1.09064715113183
500106046,YouBike2.0_林森仁愛路口,Taipei,0.703612255723448
500106047,YouBike2.0_中正運動中心,Taipei,0.50478951484201
500106048,YouBike2.0_信義杭州路口,Taipei,0.958081758802709
500106049,YouBike2.0_捷運善導寺站(3號出口),Taipei,1.12920407414365
500106050,YouBike2.0_捷運小南門站(1號出口),Taipei,0.55477931602534
500106051,YouBike2.0_延平南路133巷口,Taipei,0.64582884324413
500106052,YouBike2.0_捷運西門站(2號出口),Taipei,0.78239696393174
500106053,YouBike2.0_寶慶博愛路口,Taipei,0.545686447052636
500106054,YouBike2.0_法務部,Taipei,0.247801083196595
500106055,YouBike2.0_臺北市立大學(博愛校區),Taipei,0.292139276927207
500106056,YouBike2.0_國家圖書館,Taipei,0.22577780392744
500106057,YouBike2.0_市民金山路口,Taipei,1.83972731763534
500106058,YouBike2.0_聯合醫院和平院區,Taipei,0.895875712948726
500106059,YouBike2.0_中山堂,Taipei,0.853331188317278
500106060,YouBike2.0_中華漢口街口,Taipei,1.01027296347902
500106061,YouBike2.0_中華路一段21巷口,Taipei,1.12679589721179
500106062,YouBike2.0_捷運臺大醫院站(4號出口),Taipei,0.609570303259464
500106063,YouBike2.0_寶藏巖觀音亭,NTU,0.776898209126367
500106064,YouBike2.0_師大水源路口,Da'an Forest Park,1.68553697900147
500106065,YouBike2.0_中山徐州路口,Taipei,0.624179925391764
500106066,YouBike2.0_信義連雲街口,Da'an Forest Park,0.754645399046103
500106067,YouBike2.0_臺北轉運站,Taipei,1.29797588388515
500106068,YouBike2.0_莒光大埔街口,Taipei,1.20164469880645
500106069,YouBike2.0_捷運忠孝新生站(2號出口),Da'an Forest Park,1.47591499997304
500106070,YouBike2.0_光華商場,Da'an Forest Park,1.72449090082468
500106071,YouBike2.0_中山青島路口,Taipei,0.950873613631025
500106072,YouBike2.0_捷運中正紀念堂站(5號出口),Taipei,0.330410058723137
500106073,YouBike2.0_北平東杭州北路口,Taipei,1.53409290615249
500106074,YouBike2.0_王貫英先生紀念圖書館,Da'an Forest Park,1.48834882287026
500106075,YouBike2.0_金山信義路口,Da'an Forest Park,1.06308089727689
500106077,YouBike2.0_林森徐州路口,Taipei,0.821253496885657
500106078,YouBike2.0_徐州杭州路口,Taipei,1.12624717170565
500106079,YouBike2.0_捷運中正紀念堂站(6號出口),Taipei,0.242875835426893
500106080,YouBike2.0_捷運臺北車站(M2出口),Taipei,1.24256444292346
500106083,YouBike2.0_臺北市國父史蹟館(逸仙公園),Taipei,1.25510924613345
500106084,YouBike2.0_捷運西門站(5號出口),Taipei,0.8208107654526
500106085,YouBike2.0_弘道國中,Taipei,0.0792004114715482
500106086,YouBike2.0_臺北市第一女子高級中學,Taipei,0.219876218389271
500106087,YouBike2.0_台北市替代役中心,NTU,1.27436878306676
500106088,YouBike2.0_紹興徐州路口,Taipei,0.976618435339134
500106089,YouBike2.0_羅斯福寧波東街口,Taipei,0.827293355845978
500106090,YouBike2.0_自來水園區,NTU,0.952837478681823
500106091,YouBike2.0_仁愛林森路口,Taipei,0.768022454395106
500106092,YouBike2.0_捷運西門站(3號出口),Taipei,0.771569470575753
500106093,YouBike2.0_仁愛金山路口,Da'an Forest Park,1.28750863464947
500106094,YouBike2.0_杭州南路一段101巷口,Da'an Forest Park,1.21150273672519
500106095,YouBike2.0_仁愛杭州路口,Taipei,1.02485508590683
500106096,YouBike2.0_龍興里活動中心,Taipei,1.11995363377964
500106097,YouBike2.0_植物園,Taipei,0.973088334857261
500106098,YouBike2.0_郵政博物館,Taipei,0.673623813902266
500106099,YouBike2.0_林森北平路口,Taipei,1.33743278652791
500106100,YouBike2.0_北平紹興路口,Taipei,1.43734863032947
500106101,YouBike2.0_天津北平路口,Taipei,1.25878758787403
500106102,YouBike2.0_捷運忠孝新生站(1號出口),Da'an Forest Park,1.51949581990449
500106103,YouBike2.0_捷運忠孝新生站(5號出口),Da'an Forest Park,1.33184864971647
500106104,YouBike2.0_捷運臺大醫院站(1號出口),Taipei,0.356207959324924
500106105,YouBike2.0_臺大醫院兒童醫院,Taipei,0.867010138786403
500106106,YouBike2.0_林森濟南路口(東北側),Taipei,0.956446750809173
500106107,YouBike2.0_仁愛紹興街口(南側),Taipei,0.871178272327686
500106108,YouBike2.0_中華南海路口,Taipei,1.42715477826779
500106109,YouBike2.0_立法院台北會館,Taipei,0.607142450561888
500106110,YouBike2.0_捷運善導寺站(3號出口)(忠孝東路側),Taipei,1.17353431728424
500106111,YouBike2.0_國家音樂廳,Taipei,0.423263721303763
500106112,YouBike2.0_忠孝西重慶南路口,Taipei,1.08303795982691
500106113,YouBike2.0_濟南路二段8巷口,Taipei,1.28661681779327
500106114,YouBike2.0_仁愛金山路口(東南側),Da'an Forest Park,1.22789454470945
500106115,YouBike2.0_臺灣文學基地,Taipei,1.46013568608694
500106116,YouBike2.0_重慶南詔安街口,Taipei,1.40369901590481
500106117,YouBike2.0_文光公園,Da'an Forest Park,1.19251585931715
500106118,YouBike2.0_捷運中正紀念堂站(2號出口),Taipei,0.72118032819168
500106119,YouBike2.0_螢圃里小公園,Taipei,1.50278585167844
500106120,YouBike2.0_螢橋公園,Taipei,1.22714189125885
500106121,YouBike2.0_泉州寧波西街口,Taipei,0.889906015121781
500106122,YouBike2.0_和平西路二段98巷口,Taipei,1.10075211622375
500106123,YouBike2.0_仁愛新生路口(西南側),Da'an Forest Park,1.00253271336512
500106124,YouBike2.0_幸安市場,Da'an Forest Park,1.29030224852728
500106125,YouBike2.0_龍口市場,Taipei,1.22203191804427
500106126,YouBike2.0_捷運善導寺站(5號出口),Taipei,1.29644110539464
500106127,YouBike2.0_青島杭州路口,Taipei,1.28757856477932
500106128,YouBike2.0_詔安街37巷口,Taipei,1.37935094011725
500106129,YouBike2.0_南海路112巷口,Taipei,1.32983330063358
500106130,YouBike2.0_牯嶺街95巷,Taipei,1.46917726173335
500106131,YouBike2.0_仁愛紹興路口(北側),Taipei,0.914199480163815
500106132,YouBike2.0_貴陽博愛路口,Taipei,0.421356940242717
500106133,YouBike2.0_國立臺灣博物館南門館,Taipei,0.46563149617682
500106134,YouBike2.0_汀州路一段106巷口,Taipei,1.10847448792399
500106135,YouBike2.0_羅斯福路四段108巷口,NTU,0.405529102125516
500106136,YouBike2.0_公館水岸廣場,NTU,1.12133275225297
500107001,YouBike2.0_通北街65巷口,Science Education Center,2.82639902549639
500107002,YouBike2.0_圓山風景區,Science Education Center,2.41461130839456
500107003,YouBike2.0_樂群二堤頂大道口,Neihu,1.3090665871835
500107004,YouBike2.0_劍潭社區,Science Education Center,2.44800729453051
500107005,YouBike2.0_培英公園,Neihu,3.12985913805011
500107006,YouBike2.0_樂群二明水路口,Neihu,2.34068906430509
500107007,YouBike2.0_北安大直街口,Neihu,2.66566125403384
500107008,YouBike2.0_捷運劍南路站(2號出口),Neihu,2.13712064452292
500107009,YouBike2.0_樂群二敬業三路口,Neihu,1.95370750091208
500107010,YouBike2.0_樂群二敬業四路口,Neihu,1.74772863802874
500107011,YouBike2.0_捷運大直站(3號出口),Neihu,2.83999742102554
500107012,YouBike2.0_復興市民路口,Songshan,0.744690101239808
500107013,YouBike2.0_南京遼寧街口,Songshan,0.899151876517356
500107014,YouBike2.0_伊通長安路口,Songshan,1.58868872409254
500107015,YouBike2.0_新生長安路口,Taipei,1.90055050500364
500107016,YouBike2.0_市民林森路口,Taipei,1.49284225793383
500107017,YouBike2.0_南京新生路口,Taipei,2.04284923786178
500107018,YouBike2.0_一江公園,Songshan,1.97646112081055
500107019,YouBike2.0_松江公園,Songshan,1.79401704477183
500107020,YouBike2.0_新生長春路口,Taipei,2.4371267970092
500107021,YouBike2.0_第二果菜批發市場,Songshan,2.36423467530409
500107022,YouBike2.0_民生建國路口,Songshan,1.69325940633147
500107023,YouBike2.0_興安華城,Songshan,1.19562642299484
500107024,YouBike2.0_捷運中山國中站,Songshan,1.51134409038016
500107025,YouBike2.0_龍江錦州街口,Songshan,1.62502496374464
500107026,YouBike2.0_建國長春路口,Songshan,1.52090228187269
500107027,YouBike2.0_南京建國路口,Songshan,1.42668025953278
500107028,YouBike2.0_捷運松江南京站(7號出口),Songshan,1.78737050293201
500107029,YouBike2.0_朱崙商場,Songshan,1.01611778401578
500107030,YouBike2.0_中吉公園,Songshan,2.06050939393853
500107031,YouBike2.0_華山公園,Taipei,1.66576294169826
500107032,YouBike2.0_建國北路一段17巷,Songshan,1.33341211625473
500107033,YouBike2.0_江寧公園,Songshan,1.79967777923804
500107034,YouBike2.0_民權龍江路口,Songshan,1.77226825646109
500107035,YouBike2.0_捷運中山國小站(2號出口),Songshan,2.80789082491169
500107036,YouBike2.0_捷運行天宮站(3號出口),Songshan,2.12809505694883
500107037,YouBike2.0_林森農安街口,Songshan,3.10352531600549
500107038,YouBike2.0_捷運中山國小站(4號出口),Songshan,2.83706015064833
500107039,YouBike2.0_農安雙城街口,Taipei,3.17156699210846
500107040,YouBike2.0_新生德惠街口,Songshan,3.03121062830274
500107041,YouBike2.0_民族林森路口,Science Education Center,3.22211623499884
500107042,YouBike2.0_臺北市立美術館,Science Education Center,3.0042504471697
500107043,YouBike2.0_中山民族路口,Science Education Center,3.18429380886533
500107044,YouBike2.0_新生高架停車場(林森北路107巷口),Taipei,1.92950119129049
500107045,YouBike2.0_南京林森路口(東南側),Taipei,1.92223081364268
500107046,YouBike2.0_仁德公園,Songshan,2.2328186650651
500107047,YouBike2.0_中原公園,Songshan,2.37660845107343
500107048,YouBike2.0_下埤公園,Songshan,2.17372966520629
500107049,YouBike2.0_五常國中,Songshan,1.93448373405084
500107050,YouBike2.0_榮星花園,Songshan,1.99727577579302
500107051,YouBike2.0_民權建國路口,Songshan,1.99974054544393
500107052,YouBike2.0_松江路431巷口,Songshan,2.56194825512661
500107053,YouBike2.0_新喜公園,Songshan,2.63315171170681
500107054,YouBike2.0_吉林路407巷口,Songshan,2.7796756996107
500107055,YouBike2.0_民族松江路口,Songshan,2.80836131452058
500107056,YouBike2.0_林安泰古厝,Science Education Center,3.09397590020875
500107057,YouBike2.0_中山公民會館,Taipei,2.79153080598376
500107058,YouBike2.0_渭水八德路口,Songshan,1.5836006243418
500107059,YouBike2.0_捷運中山站(2號出口),Taipei,1.76333458091036
500107060,YouBike2.0_撫順公園,Taipei,3.02373359738763
500107061,YouBike2.0_新生公園,Songshan,2.97802625043196
500107062,YouBike2.0_捷運行天宮站(1號出口),Songshan,2.0717066637656
500107063,YouBike2.0_林森長春路口,Taipei,2.1913063266263
500107064,YouBike2.0_建國農安街口,Songshan,2.27251657859809
500107065,YouBike2.0_松江路77巷口,Songshan,1.75109799378302
500107066,YouBike2.0_建國長安路口,Songshan,1.38685218186531
500107067,YouBike2.0_市民新生路口,Da'an Forest Park,1.88620609981015
500107068,YouBike2.0_民權吉林路口,Songshan,2.52918449317273
500107069,YouBike2.0_中山農安街口,Taipei,3.1337923717719
500107070,YouBike2.0_捷運行政大樓,Taipei,2.11922105549181
500107071,YouBike2.0_中吉公園(松江路188巷),Songshan,2.07232932147611
500107072,YouBike2.0_吉林路123巷口,Songshan,2.25155009505025
500107074,YouBike2.0_中原民生路口,Songshan,2.41023144055196
500107075,YouBike2.0_國立臺北大學(臺北校區),Songshan,1.3018683574701
500107076,YouBike2.0_錦州吉林路口,Songshan,2.43491643116949
500107077,YouBike2.0_中山北路二段59巷口,Taipei,2.19424358602093
500107078,YouBike2.0_永盛公園(民生東路一段23巷),Taipei,2.54408965309807
500107079,YouBike2.0_新生錦州街口,Songshan,2.6119482078905
500107080,YouBike2.0_濱江街199巷口,Songshan,2.93578307243504
500107081,YouBike2.0_大佳社區公園,Songshan,2.97415687210914
500107082,YouBike2.0_濱江果菜市場,Songshan,2.55129661914067
500107083,YouBike2.0_興安合江路口,Songshan,1.38006415964611
500107084,YouBike2.0_復興北路514巷口東側,Songshan,2.12786408134411
500107085,YouBike2.0_台泥大樓,Taipei,2.75910829555744
500107086,YouBike2.0_植福樂群路口,Neihu,1.57002191530494
500107087,YouBike2.0_新興公園,Taipei,2.81822736758268
500107088,YouBike2.0_南京伊通街口,Songshan,1.57942685505712
500107089,YouBike2.0_南京龍江路口,Songshan,1.10397341902313
500107090,YouBike2.0_撫順街41巷(崇德宮前),Taipei,2.93813627255395
500107091,YouBike2.0_臺北市立圖書館大直分館,Neihu,2.93385350845204
500107092,YouBike2.0_捷運大直站(1號出口),Neihu,2.86308765408901
500107093,YouBike2.0_捷運松江南京站(4號出口),Songshan,1.76816591146322
500107095,YouBike2.0_中429公園,Neihu,2.00747203476312
500107096,YouBike2.0_長春路137巷口,Songshan,2.19690650213639
500107097,YouBike2.0_松江民生路口,Songshan,2.01909194119108
500107098,YouBike2.0_松江路132巷口,Songshan,2.09701337373722
500107099,YouBike2.0_長春吉林路口,Songshan,2.13857515610294
500107100,YouBike2.0_長春一江街口,Songshan,2.03615228104553
500107101,YouBike2.0_捷運松江南京站(8號出口),Songshan,1.82310288874601
500107102,YouBike2.0_南京一江街口,Songshan,1.92684541316527
500107103,YouBike2.0_松江長春路口,Songshan,1.89586370342171
500107104,YouBike2.0_經國七海文化園區,Science Education Center,2.76546117438937
500107105,YouBike2.0_民族玉門街口,Science Education Center,3.08082642223297
500107106,YouBike2.0_新生農安街口,Songshan,2.90694833852576
500107107,YouBike2.0_稻江高級護理家事職業學校,Songshan,2.87916593381005
500107108,YouBike2.0_捷運大直站(3號出口)_1,Neihu,2.89945296831221
500107109,YouBike2.0_樂群二明水路口_1,Neihu,2.32987150546658
500107110,YouBike2.0_民權吉林路口(南側),Songshan,2.52747380940876
500107111,YouBike2.0_長春龍江路口,Songshan,1.22363780571817
500107112,YouBike2.0_民權新生路口,Songshan,2.78472776746649
500107113,YouBike2.0_建國長春路口(北側),Songshan,1.51795338398147
500107114,YouBike2.0_中山行政中心,Songshan,2.43119906436343
500107115,YouBike2.0_臺北市立美術館_1,Science Education Center,2.93033106660977
500107116,YouBike2.0_劍潭社區_1,Science Education Center,2.51062850984804
500107117,YouBike2.0_濱江國小游泳池,Neihu,1.38896358331374
500107118,YouBike2.0_林森公園,Taipei,1.95658006467453
500107119,YouBike2.0_中428公園,Neihu,2.23133372701835
500107120,YouBike2.0_復華公園,Songshan,1.16395319814724
500107121,YouBike2.0_新生民族路口(西南側),Songshan,3.15104538819532
500107122,YouBike2.0_捷運南京復興站(1號出口),Songshan,0.899623591585102
500107123,YouBike2.0_八德市場(北側),Songshan,1.46081114809529
500107124,YouBike2.0_龍江朱崙街口,Songshan,1.01957974742966
500107125,YouBike2.0_大直街94巷,Neihu,2.86624710038964
500107126,YouBike2.0_捷運南京復興站(8號出口),Songshan,0.804296316878665
500107127,YouBike2.0_民權建國路口(南側),Songshan,2.02229948629217
500107128,YouBike2.0_林森德惠街口,Songshan,3.2056825619362
500107129,YouBike2.0_新生濱江街口(東南側),Science Education Center,3.08532589591392
500107130,YouBike2.0_新生北路一段62巷口,Taipei,1.90846644457602
500107131,YouBike2.0_新生長春路口(東北側),Taipei,2.34646715283944
500107132,YouBike2.0_捷運劍南路站(1號出口),Neihu,2.16165754359425
500107133,YouBike2.0_敬業三樂群三路口(西北側),Neihu,1.97211112748509
500107134,YouBike2.0_長春路258巷2弄口,Songshan,1.31085447437967
500107135,YouBike2.0_長寧大廈社區(南側),Songshan,0.938867806948491
500107136,YouBike2.0_建國五常街口,Songshan,2.16552082878005
500107137,YouBike2.0_中山北路二段62巷口,Taipei,2.25860173046769
500107138,YouBike2.0_市民安東街口,Songshan,0.942802073089727
500107139,YouBike2.0_市民大道二段5巷口,Taipei,1.34720052967303
500107140,YouBike2.0_捷運中山站(3號出口),Taipei,1.78608440859593
500107141,YouBike2.0_建國北路高架橋下停車場G區,Songshan,1.82695327426864
500107142,YouBike2.0_朱崙公園,Songshan,0.854137867341823
500107143,YouBike2.0_朱崙復興北路口,Songshan,0.683096073263488
500107144,YouBike2.0_捷運行天宮站(4號出口),Songshan,2.19573064620713
500107145,YouBike2.0_建國北路三段86巷口,Songshan,2.46632850674132
500107146,YouBike2.0_正守公園,Taipei,1.83445889015313
500107147,YouBike2.0_四平松江路口,Songshan,1.85944451926164
500107149,YouBike2.0_北安通北街口,Science Education Center,3.12597424282735
500107150,YouBike2.0_民權東復興北路口(西北側),Songshan,1.68734764153076
500107151,YouBike2.0_臺北市立大同高中,Songshan,1.67900531909067
500107152,YouBike2.0_中崙加油站,Songshan,1.10515631540596
500107153,YouBike2.0_北安明水路口(自強隧道),Neihu,2.44414791717848
500107154,YouBike2.0_中正國小(南京東路三段48巷),Songshan,1.24123368675075
500107155,YouBike2.0_臺北時代廣場,Neihu,1.40984082142601
500107156,YouBike2.0_吉林農安街口(西北側),Songshan,2.70858743508985
500107157,YouBike2.0_濱江國中,Neihu,1.40616425786943
500107158,YouBike2.0_環山抽水站,Neihu,1.26710741610891
500107159,YouBike2.0_民權中山路口(東北側),Taipei,2.9163397795711
500107160,YouBike2.0_復興五常街口(西南側),Songshan,1.81755511558626
500107161,YouBike2.0_松江長安路口,Songshan,1.77776853690345
500107162,YouBike2.0_長安國小,Songshan,2.05974761271995
500107163,YouBike2.0_中山市場,Taipei,1.51129697723368
500107164,YouBike2.0_捷運雙連站(1號出口),Taipei,2.30113751834313
500107165,YouBike2.0_吉林南京路口(西北側),Songshan,2.09722517633756
500107166,YouBike2.0_龍江路345巷,Songshan,1.87579129097825
500107167,YouBike2.0_捷運劍南路站(3號出口),Neihu,1.98412707077632
500107168,YouBike2.0_一江南京東路口(西南側),Songshan,1.94458264479075
500107169,YouBike2.0_大直抽水站公車站,Neihu,3.02252443512177
500107170,YouBike2.0_民權東路三段39巷口,Songshan,2.06794655634965
500107171,YouBike2.0_臺北市立中山女高,Songshan,1.16478125868428
500107172,YouBike2.0_朱昌公園,Songshan,1.36392071313457
500107173,YouBike2.0_林森公園東北側,Taipei,2.15411403050394
500107174,YouBike2.0_康樂公園西北側,Taipei,2.03592485026689
500108001,YouBike2.0_文湖街21巷118弄口,Neihu,2.06432702014171
500108002,YouBike2.0_北勢湖環保公園,Neihu,1.43259874355988
500108003,YouBike2.0_洲子一號公園,Neihu,1.10132975763217
500108004,YouBike2.0_西康公園,Neihu,1.16871623068242
500108005,YouBike2.0_文湖國小,Neihu,1.65917039174545
500108006,YouBike2.0_文湖街81巷10號西側,Neihu,1.42760446320417
500108007,YouBike2.0_德明財經科技大學,Neihu,1.2457629114753
500108008,YouBike2.0_麗山國小,Neihu,0.525699743214509
500108009,YouBike2.0_麗山高中,Neihu,0.53656995871218
500108010,YouBike2.0_港華五號公園,Neihu,0.647703434789267
500108011,YouBike2.0_大湖國小,Neihu,2.61436943109226
500108012,YouBike2.0_安湖三號公園,Freeway No. 3 - CCTV – S016K,4.11526221167804
500108013,YouBike2.0_東湖路113巷95弄,Neihu,4.07028934337271
500108014,YouBike2.0_瑞光計程車服務站,Neihu,0.567490280877112
500108015,YouBike2.0_文德三號公園(江南街71巷16弄),Neihu,0.495759677837374
500108016,YouBike2.0_捷運大湖公園站(2號出口),Neihu,2.71013811316019
500108018,YouBike2.0_康寧星雲街口,Neihu,1.80693575087876
500108019,YouBike2.0_星雲街47號,Neihu,1.64872731443575
500108020,YouBike2.0_捷運西湖站(1號出口),Neihu,0.997609146827979
500108021,YouBike2.0_捷運西湖站(2號出口),Neihu,0.885546717603702
500108022,YouBike2.0_洲子二號公園,Neihu,0.682077152675502
500108023,YouBike2.0_港都公園,Neihu,0.392729428012546
500108024,YouBike2.0_環山路二段26巷口,Neihu,0.805527248743249
500108025,YouBike2.0_成功金龍路口,Neihu,2.02533559674939
500108026,YouBike2.0_碧山公園,Neihu,1.93404672224584
500108027,YouBike2.0_金瑞公園,Neihu,1.56495818559468
500108028,YouBike2.0_捷運文德站(2號出口),Neihu,0.933758323588109
500108029,YouBike2.0_陽光公園,Neihu,1.25991945248709
500108030,YouBike2.0_文德二號公園(南側),Neihu,0.967883506314021
500108031,YouBike2.0_文德二號公園(北側),Neihu,0.867737257269123
500108032,YouBike2.0_瑞陽公園,Neihu,0.45784702561675
500108033,YouBike2.0_湖光國宅,Neihu,0.700510222191559
500108034,YouBike2.0_潭美街213號,Neihu,2.78882393754244
500108035,YouBike2.0_南京東路六段180號,Xinyi,2.52944664287886
500108036,YouBike2.0_潭美國小(南京舊宗路口),Neihu,2.48684146438036
500108037,YouBike2.0_新明路343號,Neihu,2.66119620672449
500108038,YouBike2.0_週美里活動廣場,Xinyi,2.42048503249517
500108039,YouBike2.0_內湖行政中心,Neihu,1.77709383131673
500108040,YouBike2.0_樂康公園,Freeway No. 3 - CCTV – S016K,4.12765682331181
500108041,YouBike2.0_安康路32巷24弄,Neihu,2.73654182346139
500108043,YouBike2.0_明美公園,Neihu,2.15336803988933
500108044,YouBike2.0_南京東路六段368巷,Neihu,2.6200300836188
500108045,YouBike2.0_新明成功路口,Neihu,2.61716798831978
500108046,YouBike2.0_民權瑞光路口,Neihu,1.4561518702164
500108047,YouBike2.0_瑞光公共住宅(瑞光路),Neihu,0.787523089062961
500108048,YouBike2.0_民權東路六段15巷,Neihu,1.23647527873826
500108049,YouBike2.0_扶輪親恩公園,Neihu,1.44177545219769
500108050,YouBike2.0_新湖三民善街口,Neihu,1.83527715786737
500108051,YouBike2.0_內湖119號綠地,Xinyi,2.45745318911324
500108052,YouBike2.0_行善公園,Xinyi,2.03376178182149
500108054,YouBike2.0_三軍總醫院,Neihu,1.70187661300987
500108055,YouBike2.0_福華商場,Neihu,2.09847044323736
500108056,YouBike2.0_臺北市網球中心,Neihu,2.59190272496531
500108057,YouBike2.0_捷運葫洲站(1號出口),Neihu,3.36855684596024
500108058,YouBike2.0_麗湖國小,Neihu,2.78504216001423
500108059,YouBike2.0_金湖路347巷125弄口,Neihu,2.40683312755051
500108060,YouBike2.0_碧湖公園,Neihu,0.750283362865199
500108061,YouBike2.0_碧湖公園(內湖路二段103巷),Neihu,0.704356108106305
500108062,YouBike2.0_貿七社區,Neihu,1.09845834449673
500108063,YouBike2.0_內湖區農會,Neihu,1.38014785514946
500108064,YouBike2.0_捷運內湖站(2號出口),Neihu,1.97813569050846
500108065,YouBike2.0_康寧金湖路口,Neihu,2.39758074423559
500108066,YouBike2.0_康寧路一段156巷20弄口,Neihu,1.83259123969915
500108067,YouBike2.0_安康公園,Freeway No. 3 - CCTV – S016K,3.71865682270592
500108068,YouBike2.0_安泰街83巷,Neihu,4.21178902416901
500108069,YouBike2.0_內溝溪生態展示館,Neihu,4.88004791715219
500108070,YouBike2.0_捷運港墘站(2號出口),Neihu,0.0479869764772104
500108071,YouBike2.0_東湖國中,Freeway No. 3 - CCTV – S016K,4.47858265993848
500108072,YouBike2.0_石潭公園(安康路),Neihu,2.59348239851692
500108073,YouBike2.0_內湖垃圾焚化廠,Neihu,3.41731944743513
500108074,YouBike2.0_康寧公園(北側),Neihu,3.68088966548223
500108075,YouBike2.0_康寧路三段54巷口,Neihu,3.52914384757659
500108076,YouBike2.0_行善路25巷口,Xinyi,2.45119610528901
500108077,YouBike2.0_新明路460巷口,Xinyi,2.35079000097701
500108078,YouBike2.0_下灣公園,Neihu,2.57545164118451
500108079,YouBike2.0_民權東路六段245巷口,Neihu,2.88138447920054
500108081,YouBike2.0_東湖國小,Freeway No. 3 - CCTV – S016K,3.93054730729181
500108082,YouBike2.0_捷運內湖站(1號出口),Neihu,1.9371398170481
500108083,YouBike2.0_瑞光港墘路口,Neihu,0.371520536675666
500108084,YouBike2.0_瑞湖陽光街口,Neihu,0.718209398963478
500108085,YouBike2.0_金龍公園,Neihu,1.68665879542993
500108086,YouBike2.0_星雲街138巷1弄口,Neihu,2.01669328025454
500108087,YouBike2.0_東湖一號公園,Neihu,3.69070642868604
500108088,YouBike2.0_東湖二號公園,Neihu,3.60888610502613
500108089,YouBike2.0_康湖二號公園(康寧醫院),Neihu,3.37487246019961
500108090,YouBike2.0_堤頂大道新湖一路口,Neihu,2.27924796812907
500108091,YouBike2.0_下灣公園(成功路),Neihu,2.07748889179418
500108092,YouBike2.0_舊宗行善路口,Neihu,2.34749682267842
500108093,YouBike2.0_新湖二路250巷口,Neihu,1.79925527267411
500108094,YouBike2.0_成功路四段41巷口,Neihu,1.68436368177528
500108095,YouBike2.0_金湖星雲街口,Neihu,2.25053853127071
500108096,YouBike2.0_國防醫學院,Neihu,2.36427517640329
500108097,YouBike2.0_民權東路六段190巷117弄口,Neihu,2.50800233350832
500108098,YouBike2.0_內湖運動中心,Neihu,0.116794040269819
500108099,YouBike2.0_九華公園,Neihu,1.74891548201575
500108100,YouBike2.0_內湖路二段179巷口,Neihu,1.03218944179893
500108102,YouBike2.0_行善行愛路口,Neihu,2.21497170665284
500108103,YouBike2.0_民善新湖二路口(家樂福內湖店),Neihu,2.132631325912
500108104,YouBike2.0_統振大樓,Freeway No. 3 - CCTV – S016K,3.32708511520778
500108105,YouBike2.0_陽光街161巷口,Neihu,1.19034697815676
500108106,YouBike2.0_潭美公園(南京東路六段368巷),Neihu,2.47953597502921
500108107,YouBike2.0_西康二號公園,Neihu,1.338291737152
500108108,YouBike2.0_三民國中(民權東路六段47巷),Neihu,1.607461349464
500108109,YouBike2.0_瑞光路76巷口,Neihu,1.03822053148074
500108110,YouBike2.0_捷運東湖站,Freeway No. 3 - CCTV – S016K,3.72694926656216
500108111,YouBike2.0_新湖國小,Neihu,1.82564630224189
500108112,YouBike2.0_碧山內湖路口,Neihu,1.77892102134827
500108115,YouBike2.0_民權東路六段413巷,Neihu,3.00385974446367
500108116,YouBike2.0_宏匯瑞光廣場(瑞光路),Neihu,0.315787641846382
500108117,YouBike2.0_宏匯瑞光廣場(港墘路),Neihu,0.18380065981127
500108118,YouBike2.0_康樂街151巷,Freeway No. 3 - CCTV – S016K,4.32126446354974
500108119,YouBike2.0_內湖路一段360巷,Neihu,0.520898221766921
500108120,YouBike2.0_成功路三段83號前,Neihu,1.45371740380028
500108121,YouBike2.0_內湖路一段47巷,Neihu,1.92661985050201
500108122,YouBike2.0_陽光舊宗路口,Neihu,0.785390068695358
500108123,YouBike2.0_安湖公園,Neihu,4.08125929657901
500108124,YouBike2.0_湖興公園,Neihu,1.97175209958187
500108126,YouBike2.0_安泰街(康樂橋下),Neihu,4.1587723809368
500108127,YouBike2.0_康樂綠地,Neihu,4.54676138162667
500108128,YouBike2.0_捷運港墘站(1號出口),Neihu,0.0722838338655653
500108129,YouBike2.0_明美公園(行善路333巷),Neihu,2.37106249642358
500108131,YouBike2.0_舊宗新湖三路口,Neihu,1.8011014879541
500108132,YouBike2.0_內湖運動公園,Neihu,1.30580935727172
500108133,YouBike2.0_內湖路三段326巷口,Neihu,1.39785516161926
500108134,YouBike2.0_成功公園,Neihu,2.20218097010109
500108135,YouBike2.0_康寧路三段189巷93弄口,Neihu,3.8029608463491
500108136,YouBike2.0_中國醫藥大學附設醫院臺北分院,Neihu,1.59026458698439
500108137,YouBike2.0_康樂抽水站,Freeway No. 3 - CCTV – S016K,3.69969677963515
500108138,YouBike2.0_環山路三段16巷口,Neihu,0.704942738272084
500108139,YouBike2.0_文德一號綠地,Neihu,0.769111922214005
500108140,YouBike2.0_臺北花市,Neihu,1.86171108380791
500108141,YouBike2.0_行善社會住宅,Neihu,2.11794663934808
500108142,YouBike2.0_康寧路三段99巷17弄口,Neihu,3.56996323357783
500108143,YouBike2.0_堤頂大道二段407巷口,Neihu,1.24278929749262
500108144,YouBike2.0_海德堡科技大樓,Neihu,1.35058164136419
500108145,YouBike2.0_致伸科技大樓,Neihu,1.00328355597913
500108146,YouBike2.0_內湖路一段288巷口,Neihu,0.747655200838036
500108147,YouBike2.0_大都會客運內湖站,Neihu,1.34356946967142
500108148,YouBike2.0_瑞湖公園,Neihu,1.17972756358924
500108150,YouBike2.0_台灣世曦大樓,Neihu,0.728755364660431
500108151,YouBike2.0_遠雄時代總部,Neihu,0.465687503347111
500108152,YouBike2.0_瑞光路358巷口,Neihu,0.361488671759981
500108153,YouBike2.0_大港墘公園(洲子街),Neihu,0.183511934708623
500108154,YouBike2.0_世紀經貿,Neihu,0.220123036687104
500108156,YouBike2.0_民權東路六段56巷口,Neihu,1.57862049262002
500108157,YouBike2.0_新湖三行忠路72巷口,Neihu,1.62446832037595
500108158,YouBike2.0_新湖三新湖二146巷口,Neihu,1.71803931375515
500108159,YouBike2.0_舊宗新湖二路口,Neihu,2.00225016527663
500108160,YouBike2.0_新光基湖大樓,Neihu,1.09039249459995
500108161,YouBike2.0_內湖路一段120巷15弄,Neihu,1.29076976854204
500108162,YouBike2.0_北勢湖環保公園(堤頂大道側),Neihu,1.46373505509481
500108164,YouBike2.0_達爾文大樓,Neihu,0.270375349413064
500108165,YouBike2.0_東湖四號公園,Freeway No. 3 - CCTV – S016K,4.1800127822233
500108166,YouBike2.0_加瑪科技中心,Neihu,0.509850221417213
500108167,YouBike2.0_福壽公園,Neihu,2.09889326568628
500108168,YouBike2.0_捷運西湖站(1號出口)內湖路側,Neihu,0.900464710447023
500108169,YouBike2.0_威剛科技總部,Neihu,3.19833028475358
500108170,YouBike2.0_太陽科技廣場,Neihu,1.5331753145507
500108171,YouBike2.0_瑞光路316巷,Neihu,0.463789519237574
500108172,YouBike2.0_文德路220巷口,Neihu,1.26519971533628
500108173,YouBike2.0_長壽抽水站,Neihu,2.95481712784724
500108174,YouBike2.0_捷運葫洲站(2號出口),Neihu,3.26261543841667
500108175,YouBike2.0_五分埤,Neihu,4.76930602724699
500108176,YouBike2.0_環山路三段1巷(麗山高中),Neihu,0.642763547208691
500108177,YouBike2.0_潭美公園(南京東路六段482號),Neihu,2.46252900841799
500108178,YouBike2.0_美善公園,Neihu,2.50085552724969
500108179,YouBike2.0_潭美公園(新明路298巷),Neihu,2.56546397172831
500108181,YouBike2.0_麗山國小(內湖路一段411巷),Neihu,0.611513727318502
500108182,YouBike2.0_行善路417巷,Neihu,1.97956678156216
500108183,YouBike2.0_明湖國小(康寧路三段165巷23弄),Neihu,3.76404432302739
500108184,YouBike2.0_康寧路三段70巷153號,Neihu,3.58163322028632
500108185,YouBike2.0_東湖立體停車場,Neihu,3.87673522882252
500108186,YouBike2.0_明美公園(南京東路六段451巷口),Neihu,2.39612797032644
500108187,YouBike2.0_文德路66巷14弄,Neihu,0.611580625732385
500108188,YouBike2.0_捷運東湖站(3號出口),Freeway No. 3 - CCTV – S016K,3.78088209436294
500108189,YouBike2.0_捷運大湖公園站(1號出口),Neihu,2.77521422325096
500108190,YouBike2.0_內湖路一段1巷口,Neihu,1.87811798955861
500108191,YouBike2.0_環山路一段136巷口,Neihu,0.996759690178985
500108192,YouBike2.0_上灣公園,Neihu,2.71648746274654
500108193,YouBike2.0_湖興公園(成功路),Neihu,2.04541981197305
500108194,YouBike2.0_文德三號公園(文德路),Neihu,0.548946914149162
500108195,YouBike2.0_康寧路一段218巷2弄口,Neihu,2.12885010740097
500109001,YouBike2.0_承德路七段304巷口,Shipai,0.851521635506789
500109002,YouBike2.0_洲美運動公園,Agriculture Guandu Station,0.954813536573159
500109003,YouBike2.0_榮華二明德路口,Shipai,0.97535623024193
500109004,YouBike2.0_捷運明德站(1號出口),Shipai,0.966547491759822
500109005,YouBike2.0_文林建民路口,Shipai,0.866945520234912
500109006,YouBike2.0_永欣綠地,Tianmu,1.3409725683157
500109007,YouBike2.0_關渡宮,Shezi,1.11033659053182
500109008,YouBike2.0_關渡自然公園,Shezi,1.0352957291679
500109009,YouBike2.0_關渡醫院,Shezi,1.23777968730448
500109010,YouBike2.0_捷運忠義站(1號出口),Shezi,2.46772923155253
500109011,YouBike2.0_捷運關渡站(1號出口),Shezi,1.62271053615227
500109012,YouBike2.0_捷運關渡站(2號出口),Shezi,1.8614837805967
500109013,YouBike2.0_中央北路四段540巷口,Shezi,2.05261287075039
500109014,YouBike2.0_大度立德路口,Shezi,1.51082515144087
500109015,YouBike2.0_捷運復興崗站(1號出口),Agriculture Guandu Station,2.50931027740939
500109016,YouBike2.0_捷運復興崗站旅客服務中心,Agriculture Guandu Station,2.54310006474593
500109017,YouBike2.0_豐年公園,Agriculture Guandu Station,2.14553492711526
500109018,YouBike2.0_稻香重三路口,Agriculture Guandu Station,2.69323497497635
500109019,YouBike2.0_國防大學政治作戰學院,Agriculture Guandu Station,2.44253385711895
500109020,YouBike2.0_秀山區民活動中心,Agriculture Guandu Station,3.3326183881012
500109022,YouBike2.0_大業大同街口,Agriculture Guandu Station,2.47471400539672
500109023,YouBike2.0_捷運新北投站,Shipai,2.60047918376268
500109024,YouBike2.0_捷運北投站,Agriculture Guandu Station,1.92016577515789
500109025,YouBike2.0_捷運奇岩站(三合街),Agriculture Guandu Station,1.48262856689929
500109026,YouBike2.0_八仙里辦公處,Agriculture Guandu Station,1.25425065963578
500109027,YouBike2.0_清江國小,Shipai,1.44228358908892
500109028,YouBike2.0_大業路300巷口,Agriculture Guandu Station,1.49273598119615
500109029,YouBike2.0_立農公園,Shipai,1.01512762151619
500109030,YouBike2.0_北投奇岩長青樂活大樓,Shipai,1.54992710169398
500109031,YouBike2.0_捷運唭哩岸站(2號出口),Shipai,0.988652200590237
500109032,YouBike2.0_北投運動中心,Shipai,0.373933257119182
500109033,YouBike2.0_陽明大學,Shipai,0.400882353659264
500109034,YouBike2.0_捷運石牌站(2號出口),Shipai,0.282240850866605
500109035,YouBike2.0_台北護理大學,Shipai,0.410647076592579
500109036,YouBike2.0_捷運石牌站(1號出口),Shipai,0.157650914957565
500109037,YouBike2.0_振興醫院,Shipai,0.905242827464522
500109039,YouBike2.0_石牌國小,Shipai,0.132779687284014
500109040,YouBike2.0_振興公園,Shipai,1.09831539167068
500109041,YouBike2.0_立農國小,Shipai,1.01184882984996
500109042,YouBike2.0_承德路七段280巷口,Shipai,0.74482561088123
500109043,YouBike2.0_致遠一路二段11巷,Shipai,0.521527471517489
500109044,YouBike2.0_榮富公園,Shipai,1.15204357238854
500109045,YouBike2.0_中正高中,Science Education Center,0.920984621695319
500109046,YouBike2.0_立功立德路口,Shezi,1.72787556964083
500109047,YouBike2.0_中央北路四段30巷口,Agriculture Guandu Station,2.59358034067326
500109048,YouBike2.0_陽明交大圖書館,Shipai,0.578745249789356
500109049,YouBike2.0_捷運新北投站(2號出口),Agriculture Guandu Station,2.54517983473279
500109050,YouBike2.0_復興公園,Agriculture Guandu Station,2.74078357010585
500109051,YouBike2.0_承德石牌路口,Shipai,0.507737021537972
500109052,YouBike2.0_承德路七段188巷口,Shipai,0.570216945376816
500109053,YouBike2.0_捷運明德站(3號出口),Shipai,0.816717524438147
500109054,YouBike2.0_大豐公園,Shipai,1.93740793675877
500109055,YouBike2.0_洲美公園,Science Education Center,1.14804023027484
500109056,YouBike2.0_中和街455巷11弄,Agriculture Guandu Station,3.0691667559642
500109057,YouBike2.0_洲美蜆仔港公園,Science Education Center,0.725891918839223
500109058,YouBike2.0_文化三杏林一路口,Agriculture Guandu Station,2.84347727290582
500109059,YouBike2.0_珠海復興一路口,Shipai,2.88886140474871
500109060,YouBike2.0_裕民二路33巷,Shipai,0.426589594702903
500109061,YouBike2.0_新奇岩社會住宅,Shipai,1.24711523537841
500109062,YouBike2.0_泉源公園,Shipai,2.95674098814997
500109063,YouBike2.0_奇岩4號綠地,Shipai,1.31178153739643
500109064,YouBike2.0_臺北健康護理大學(教研大樓),Shipai,0.629641457669561
500109065,YouBike2.0_奇岩一號公園,Shipai,1.75092476784691
500109066,YouBike2.0_福星公園,Shipai,0.689680124354149
500109067,YouBike2.0_中庸公園,Agriculture Guandu Station,2.61461995649937
500109068,YouBike2.0_豐年公園_1,Agriculture Guandu Station,2.21454012222605
500109070,YouBike2.0_光明溫泉路口,Agriculture Guandu Station,2.30166238920398
500109071,YouBike2.0_和信治癌中心醫院,Shezi,2.01526646636891
500109072,YouBike2.0_致遠新村,Agriculture Guandu Station,3.04157558590656
500109073,YouBike2.0_北投公園露天溫泉,Shipai,2.41132897508532
500109074,YouBike2.0_中和街493巷9弄口,Agriculture Guandu Station,3.1282435989832
500109075,YouBike2.0_捷運北投站(1號出口),Agriculture Guandu Station,1.98027043940101
500109076,YouBike2.0_石牌立農街口,Shipai,0.707106425512361
500109077,YouBike2.0_捷運唭哩岸站(1號出口),Shipai,0.827710831499483
500109078,YouBike2.0_大興光明路2巷口,Agriculture Guandu Station,1.82299568721451
500109079,YouBike2.0_捷運忠義站(2號出口),Shezi,2.38499494678625
500109080,YouBike2.0_福國承德路口,Science Education Center,0.710357070629755
500109081,YouBike2.0_捷運北投站(1號出口)(北投路側),Agriculture Guandu Station,1.9056466109577
500109082,YouBike2.0_華固創富中心,Science Education Center,0.932887176226691
500109084,YouBike2.0_崇仰公園(公舘路255巷),Shipai,1.16733688986486
500109085,YouBike2.0_北投文化公園(北側),Agriculture Guandu Station,2.42271340392404
500109086,YouBike2.0_中和綠地,Agriculture Guandu Station,2.97916122665171
500109087,YouBike2.0_大業路65巷口,Agriculture Guandu Station,1.07911059227423
500109088,YouBike2.0_公舘承德路口,Agriculture Guandu Station,1.07030441009953
500109089,YouBike2.0_文林北明德路口(東北側),Science Education Center,1.04479650678289
500109091,YouBike2.0_永興路一段32巷口,Agriculture Guandu Station,2.70783604755428
500109092,YouBike2.0_國立陽明交通大學(甲棟),Shipai,0.448226549725041
500109093,YouBike2.0_關渡國中,Shezi,1.13696988821086
500109094,YouBike2.0_立功街55巷口,Shezi,1.73668256676686
500109095,YouBike2.0_承德路七段401巷(洲美橋下),Agriculture Guandu Station,0.747262843219211
500109096,YouBike2.0_大業路(農禪寺),Agriculture Guandu Station,1.05913088141339
500109097,YouBike2.0_中國電影製片廠,Agriculture Guandu Station,2.54423050826264
500109098,YouBike2.0_北投新興公園,Agriculture Guandu Station,2.72790851376548
500109099,YouBike2.0_捷運石牌站(2號出口)(西安街一段),Shipai,0.394768934082601
500109100,YouBike2.0_華碩立功大樓,Shezi,2.01898916834951
500109101,YouBike2.0_關渡碼頭,Shezi,1.44335521918958
500109102,YouBike2.0_珠海路(48號公園),PCCU,2.88544056586102
500109103,YouBike2.0_承德文林北路口(西側),Shipai,0.624150111623181
500109104,YouBike2.0_石牌路二段324巷口,Shipai,1.28716257917149
500109105,YouBike2.0_北投文化公園(中央北路),Agriculture Guandu Station,2.3307509044504
500110002,YouBike2.0_捷運松山站(4號出口),Xinyi,1.88940165576901
500110003,YouBike2.0_塔悠八德路口,Xinyi,1.55175007865422
500110004,YouBike2.0_鵬程公園,Xinyi,1.95193456214056
500110005,YouBike2.0_中崙高中,Songshan,1.0537322943579
500110006,YouBike2.0_捷運南京三民站(2號出口),Songshan,1.2854172958676
500110007,YouBike2.0_捷運南京三民站(1號出口),Songshan,1.36587212273945
500110008,YouBike2.0_光復北路11巷口,Songshan,0.767569611689198
500110009,YouBike2.0_捷運南京三民站(4號出口),Songshan,1.463544405568
500110010,YouBike2.0_西松高中,Songshan,1.80909681507289
500110011,YouBike2.0_民權復興路口,Songshan,1.57008138582554
500110012,YouBike2.0_民福三號綠地,Songshan,1.68791802027242
500110013,YouBike2.0_民有一號公園,Songshan,1.39178689909235
500110014,YouBike2.0_民生敦化路口,Songshan,1.04382765903665
500110015,YouBike2.0_松基公園,Songshan,0.860950797924089
500110016,YouBike2.0_三民路166巷口,Songshan,1.9535277766351
500110017,YouBike2.0_民生活動中心,Songshan,1.71432634127557
500110018,YouBike2.0_捷運小巨蛋站(2號出口),Songshan,0.325666035349782
500110019,YouBike2.0_臺北市藝文推廣處,Songshan,0.200280903920956
500110020,YouBike2.0_民生國小(敦化北路199巷),Songshan,0.87893922105013
500110021,YouBike2.0_敦北公園,Songshan,1.38235993938116
500110022,YouBike2.0_民權運動公園,Songshan,1.77123830027748
500110023,YouBike2.0_新東公園,Songshan,2.19764828302974
500110024,YouBike2.0_民生光復路口,Songshan,1.16053889549154
500110025,YouBike2.0_三民公園,Songshan,2.15164914120059
500110026,YouBike2.0_八德路三段74巷口,Songshan,0.502948161002499
500110027,YouBike2.0_八德路三段8巷口,Songshan,0.427458614122311
500110028,YouBike2.0_三軍總醫院(松山分院),Songshan,0.848913096467903
500110029,YouBike2.0_平安新城,Songshan,1.13035241655245
500110030,YouBike2.0_健康社會住宅,Songshan,1.63865699241396
500110031,YouBike2.0_民權光復路口(東北側),Songshan,1.54168742013133
500110032,YouBike2.0_市民東興路口,Xinyi,1.17867381955523
500110033,YouBike2.0_光復南路22巷口,Songshan,0.760856848567016
500110034,YouBike2.0_光復南路46巷,Songshan,0.693150658748619
500110035,YouBike2.0_松山新城,Songshan,0.659801245769437
500110036,YouBike2.0_內政部營建署,Songshan,0.57907743510282
500110037,YouBike2.0_南京光復路口,Songshan,0.74309733268936
500110038,YouBike2.0_民生立體停車場,Songshan,1.41376027884194
500110039,YouBike2.0_健康新城,Songshan,1.21698104712327
500110040,YouBike2.0_健安新城,Songshan,1.54575301825763
500110041,YouBike2.0_復盛公園,Songshan,1.08857076457375
500110042,YouBike2.0_中崙福成宮,Songshan,0.545744459129871
500110043,YouBike2.0_捷運南京復興站(7號出口),Songshan,0.726627035736537
500110044,YouBike2.0_捷運南京復興站(5號出口),Songshan,0.63370618013201
500110045,YouBike2.0_塔悠疏散門,Neihu,1.79076932007213
500110046,YouBike2.0_臺北田徑場,Songshan,0.135596390875791
500110047,YouBike2.0_捷運小巨蛋站(5號出口),Songshan,0.4598096376944
500110048,YouBike2.0_敦化長春路口,Songshan,0.568642637497916
500110049,YouBike2.0_饒河疏散門(基四號疏散門),Xinyi,1.95181530419587
500110050,YouBike2.0_捷運松山站(2號出口),Xinyi,1.80708643587401
500110051,YouBike2.0_民權東路三段106巷口,Songshan,1.58073743132184
500110052,YouBike2.0_南京東路五段59巷口,Songshan,0.930073061688589
500110053,YouBike2.0_三民公園(塔悠路),Neihu,2.01747880480442
500110054,YouBike2.0_寶清公園,Xinyi,1.60767756935791
500110055,YouBike2.0_西松公園,Songshan,1.498694012841
500110056,YouBike2.0_長壽公園,Songshan,1.0253410797183
500110057,YouBike2.0_復源公園,Songshan,0.462457134754367
500110058,YouBike2.0_南京東路四段179巷口,Songshan,0.662025465725585
500110059,YouBike2.0_臺北田徑場(北寧路側),Songshan,0.238567847713979
500110060,YouBike2.0_西松高中(健康路325巷),Songshan,1.85328618984289
500110061,YouBike2.0_南京東興路口,Xinyi,1.51595855893639
500110062,YouBike2.0_捷運松山站(3號出口),Xinyi,1.84200067447503
500110063,YouBike2.0_介壽國中,Songshan,1.15598063301274
500110064,YouBike2.0_敦化南京路口(東北側),Songshan,0.410422906120071
500110065,YouBike2.0_敦化八德路口,Songshan,0.195993232804194
500110066,YouBike2.0_新東街51巷口,Songshan,1.92334408448154
500110067,YouBike2.0_八德立體停車場,Xinyi,1.5221352583103
500110068,YouBike2.0_長春慶城街口,Songshan,0.76326703562949
500110069,YouBike2.0_八德路四段652巷口,Xinyi,1.66104144951975
500110070,YouBike2.0_捷運松山站(1號出口),Xinyi,1.84616811515168
500110071,YouBike2.0_捷運小巨蛋站(3號出口),Songshan,0.370991357447634
500110072,YouBike2.0_捷運小巨蛋站(5號出口)_1,Songshan,0.382508408979036
500110073,YouBike2.0_敦化北路155巷口,Songshan,0.622628337402171
500110074,YouBike2.0_民生復興路口,Songshan,1.15958094547109
500110076,YouBike2.0_市民延吉街口,Songshan,0.59649442696283
500110077,YouBike2.0_龍城市場,Songshan,0.748002471824485
500110078,YouBike2.0_捷運南京三民站(3號出口),Songshan,1.42471286449219
500110079,YouBike2.0_塔悠基隆路口(麥帥一橋下),Xinyi,1.62122163037705
500110080,YouBike2.0_五常街370巷,Songshan,1.80281791625934
500110081,YouBike2.0_延壽街119巷口,Songshan,1.72633198073285
500110082,YouBike2.0_市民東寧路口,Xinyi,1.07460479028711
500110083,YouBike2.0_民福簡易綠地,Songshan,1.97233912042913
500110084,YouBike2.0_三民國小(撫遠街),Neihu,1.97723408838267
500110085,YouBike2.0_民生郵局,Songshan,1.95354382669369
500110086,YouBike2.0_民權敦化路口(西北側),Songshan,1.45609637481598
500110087,YouBike2.0_寶清八德路口(北側),Xinyi,1.44342911658621
500110088,YouBike2.0_民生東路三段140巷口,Songshan,0.890760980373679
500110089,YouBike2.0_新東延壽街口,Songshan,1.8409782593674
500110090,YouBike2.0_健康公園,Xinyi,1.8778168963321
500110091,YouBike2.0_新中街4巷口,Songshan,1.51601607137394
500110092,YouBike2.0_光復北富錦街口,Songshan,1.38553687226801
500111001,YouBike2.0_南港公園(東新街),Freeway No. 3 - CCTV – S016K,2.76941846053001
500111002,YouBike2.0_南港公園(福德街),Freeway No. 3 - CCTV – S016K,2.67373468872007
500111003,YouBike2.0_捷運昆陽站(1號出口),Freeway No. 3 - CCTV – S016K,3.02747820348433
500111004,YouBike2.0_忠孝東路六段225巷口,Xinyi,2.70499203531048
500111005,YouBike2.0_捷運後山埤站(1號出口),Xinyi,1.83782894401088
500111006,YouBike2.0_合樂公園,Xinyi,2.07466665967428
500111007,YouBike2.0_合心廣場,Xinyi,2.08381186322389
500111008,YouBike2.0_成德國中,Xinyi,2.54523389612674
500111009,YouBike2.0_玉成公園,Xinyi,2.24219488721514
500111010,YouBike2.0_研究院舊莊街口,Freeway No. 3 - CCTV – S016K,1.03873039065095
500111011,YouBike2.0_中研院綜合體育館東側,Freeway No. 3 - CCTV – S016K,0.854268105630045
500111012,YouBike2.0_國家生技園區,Freeway No. 3 - CCTV – S016K,1.67260572183933
500111013,YouBike2.0_捷運南港展覽館站(5號出口),Freeway No. 3 - CCTV – S016K,2.39771437794681
500111014,YouBike2.0_中研公園,Freeway No. 3 - CCTV – S016K,1.55468532864232
500111015,YouBike2.0_福山公園,Freeway No. 3 - CCTV – S016K,1.33609929622003
500111016,YouBike2.0_舊莊區民活動中心,Freeway No. 3 - CCTV – S016K,0.981002761673653
500111017,YouBike2.0_凌雲市場,Freeway No. 3 - CCTV – S016K,0.330769312381008
500111018,YouBike2.0_市民大道八段532號,Freeway No. 3 - CCTV – S016K,2.33284416963851
500111019,YouBike2.0_捷運南港軟體園區(2號出口),Freeway No. 3 - CCTV – S016K,2.91166762165222
500111020,YouBike2.0_南港國小,Freeway No. 3 - CCTV – S016K,2.65438746588864
500111021,YouBike2.0_興中立體停車場(興中路),Freeway No. 3 - CCTV – S016K,2.72219217841129
500111022,YouBike2.0_臺北市立圖書館南港分館,Freeway No. 3 - CCTV – S016K,2.51900269343175
500111023,YouBike2.0_東陽公園,Freeway No. 3 - CCTV – S016K,3.22220297390967
500111024,YouBike2.0_向陽南港路口,Freeway No. 3 - CCTV – S016K,3.21099321126521
500111025,YouBike2.0_南港車站(忠孝東路七段415巷),Freeway No. 3 - CCTV – S016K,2.25560706258402
500111026,YouBike2.0_捷運南港站(2號出口),Freeway No. 3 - CCTV – S016K,2.26347768117621
500111027,YouBike2.0_捷運南港站(1號出口),Freeway No. 3 - CCTV – S016K,2.29362896171511
500111028,YouBike2.0_東新國小,Freeway No. 3 - CCTV – S016K,2.76866268596153
500111029,YouBike2.0_中華科技大學,Freeway No. 3 - CCTV – S016K,0.6079998575103
500111030,YouBike2.0_六福公園,Freeway No. 3 - CCTV – S016K,1.52818494005721
500111031,YouBike2.0_南港加壓站,Freeway No. 3 - CCTV – S016K,1.66055472478888
500111032,YouBike2.0_臺北流行音樂中心(南港路),Freeway No. 3 - CCTV – S016K,2.7953445988799
500111033,YouBike2.0_興南公園,Freeway No. 3 - CCTV – S016K,2.97545913453716
500111034,YouBike2.0_臺北流行音樂中心(市民大道),Freeway No. 3 - CCTV – S016K,2.74589038707093
500111035,YouBike2.0_南港車站(市民大道),Freeway No. 3 - CCTV – S016K,2.42413592898822
500111036,YouBike2.0_忠孝東路七段527巷口,Freeway No. 3 - CCTV – S016K,2.19286927946819
500111037,YouBike2.0_南港軟體園區(新民街),Freeway No. 3 - CCTV – S016K,2.57985610557595
500111038,YouBike2.0_世貿公園,Freeway No. 3 - CCTV – S016K,2.80157329742864
500111039,YouBike2.0_凌雲五村(研究院路三段8巷),Freeway No. 3 - CCTV – S016K,0.338181233034805
500111040,YouBike2.0_新新公園(昆陽街60巷),Xinyi,3.05780126834077
500111041,YouBike2.0_南港高中(昆陽街),Freeway No. 3 - CCTV – S016K,3.19338501908195
500111042,YouBike2.0_南港路三段290巷口,Xinyi,2.34579761796487
500111043,YouBike2.0_南港路三段220巷口,Xinyi,2.72884037414457
500111044,YouBike2.0_南港東新街口,Xinyi,2.39701551365188
500111045,YouBike2.0_八德中坡路口,Xinyi,2.12772704245858
500111046,YouBike2.0_捷運後山埤站(3號出口),Xinyi,2.08071471691509
500111047,YouBike2.0_玉成公園運動中心,Xinyi,2.10180814163851
500111048,YouBike2.0_百福公園,Xinyi,2.35239565528003
500111049,YouBike2.0_南湖大橋(經貿二路255巷),Freeway No. 3 - CCTV – S016K,3.15439233946477
500111050,YouBike2.0_園區重陽路口,Freeway No. 3 - CCTV – S016K,2.95919396565635
500111051,YouBike2.0_南港車站B棟(市民大道),Freeway No. 3 - CCTV – S016K,2.43458615390898
500111052,YouBike2.0_胡適公園,Freeway No. 3 - CCTV – S016K,0.806426864512605
500111053,YouBike2.0_南港抽水站,Freeway No. 3 - CCTV – S016K,3.18162603458227
500111054,YouBike2.0_經貿公園,Freeway No. 3 - CCTV – S016K,3.28448202912828
500111055,YouBike2.0_育成高中,Freeway No. 3 - CCTV – S016K,2.88500569091337
500111056,YouBike2.0_捷運南港展覽館站(7號出口),Freeway No. 3 - CCTV – S016K,2.37086491131309
500111057,YouBike2.0_力行橋(南港),Freeway No. 3 - CCTV – S016K,2.06979988214633
500111058,YouBike2.0_舊莊國小(舊莊街一段),Freeway No. 3 - CCTV – S016K,0.872807802233697
500111059,YouBike2.0_向陽公園,Neihu,3.02542409972032
500111060,YouBike2.0_小彎社會住宅,Neihu,2.98487339233923
500111061,YouBike2.0_捷運南港展覽館站(6號出口),Freeway No. 3 - CCTV – S016K,2.40707146402642
500111062,YouBike2.0_捷運南港展覽館站(4號出口),Freeway No. 3 - CCTV – S016K,2.48283105148223
500111063,YouBike2.0_成德綠地,Xinyi,2.49635498743949
500111064,YouBike2.0_南港公園(東新街170巷),Freeway No. 3 - CCTV – S016K,2.45549189718994
500111065,YouBike2.0_中坡市民路口(東北側),Xinyi,2.05744462224756
500111066,YouBike2.0_昆陽公園,Freeway No. 3 - CCTV – S016K,2.75309814660419
500111067,YouBike2.0_南港路二段178巷口,Freeway No. 3 - CCTV – S016K,2.80363251412594
500111068,YouBike2.0_南港車站(忠孝東路),Freeway No. 3 - CCTV – S016K,2.27893984708086
500111069,YouBike2.0_南港車站(興華路),Freeway No. 3 - CCTV – S016K,2.45048731794613
500111070,YouBike2.0_玉成公園(成福路178巷口),Xinyi,2.33745366096202
500111071,YouBike2.0_玉東公園(東新街),Xinyi,2.36238319787398
500111072,YouBike2.0_南港出租國宅社區,Freeway No. 3 - CCTV – S016K,2.38469304431615
500111073,YouBike2.0_成福路197巷口,Xinyi,2.45966412303379
500111074,YouBike2.0_南港疏散門(基三號疏散門),Neihu,2.99798550545632
500111075,YouBike2.0_成德立體停車場,Xinyi,2.35140405341003
500111076,YouBike2.0_南港展覽館2館,Freeway No. 3 - CCTV – S016K,2.48111379462705
500111077,YouBike2.0_舊莊派出所,Freeway No. 3 - CCTV – S016K,0.907538634659172
500111078,YouBike2.0_南港路三段80巷,Xinyi,3.22745549636637
500111079,YouBike2.0_捷運昆陽站(4號出口),Freeway No. 3 - CCTV – S016K,2.91619182425387
500111080,YouBike2.0_忠孝東路六段278巷口,Xinyi,2.76979293074178
500111081,YouBike2.0_中研院人文社會科學館,Freeway No. 3 - CCTV – S016K,0.994003097403839
500111082,YouBike2.0_南港路三段130巷口,Xinyi,2.98816009240852
500111083,YouBike2.0_南港路三段190巷口,Xinyi,2.82287161893638
500111084,YouBike2.0_忠孝東路六段212巷口,Xinyi,2.60450541440669
500111085,YouBike2.0_新富公園,Freeway No. 3 - CCTV – S016K,2.20847537431452
500111086,YouBike2.0_東新街63巷口,Xinyi,2.40512243705172
500111087,YouBike2.0_中興公園,Freeway No. 3 - CCTV – S016K,1.31204408967138
500111088,YouBike2.0_向陽市民大道路口(西北側),Freeway No. 3 - CCTV – S016K,2.91383912494937
500111089,YouBike2.0_向陽南港路口(西北側),Freeway No. 3 - CCTV – S016K,3.23964117859958
500111090,YouBike2.0_研究院路一段151巷口,Freeway No. 3 - CCTV – S016K,1.87361485543361
500111091,YouBike2.0_興中重陽路口,Freeway No. 3 - CCTV – S016K,2.91109657781213
500111092,YouBike2.0_中研院近代史研究所研究大樓,Freeway No. 3 - CCTV – S016K,0.768829170559434
500111093,YouBike2.0_中研院人文社會科學研究中心,Freeway No. 3 - CCTV – S016K,0.946138352441438
500111094,YouBike2.0_中研院生態時代館,Freeway No. 3 - CCTV – S016K,1.11291500638388
500111095,YouBike2.0_玉成街(中坡北路50巷口),Xinyi,2.01730559008021
500111096,YouBike2.0_東明公園,Freeway No. 3 - CCTV – S016K,2.68420832012876
500111097,YouBike2.0_捷運南港軟體園區站(1號出口),Freeway No. 3 - CCTV – S016K,3.03300194695328
500111098,YouBike2.0_南港花園社區A18,Freeway No. 3 - CCTV – S016K,2.61256384699308
500111113,YouBike2.0_內湖機廠(港東街),Freeway No. 3 - CCTV – S016K,2.83022155889948
500112001,YouBike2.0_黎忠區民活動中心,NTU,1.96331426350968
500112002,YouBike2.0_基隆路二段159巷口,Xinyi,1.71884869057292
500112003,YouBike2.0_嘉興街175巷口,Xinyi,1.33828167473613
500112004,YouBike2.0_和平東路三段631巷口,Wenshan,1.73370606524601
500112005,YouBike2.0_和平東路三段530巷口,Wenshan,2.05307892176534
500112006,YouBike2.0_景勤二號公園,Xinyi,1.3536269497625
500112007,YouBike2.0_臺北醫學大學,Xinyi,1.26724071839082
500112008,YouBike2.0_三興公園,Xinyi,1.14419077660766
500112009,YouBike2.0_松德站,Xinyi,1.16828266521823
500112010,YouBike2.0_捷運象山站(2號出口),Xinyi,0.809003773327431
500112011,YouBike2.0_象山公園,Xinyi,1.14611654538311
500112012,YouBike2.0_松仁路253巷3弄,Xinyi,1.29595172879542
500112013,YouBike2.0_興雅國中,Xinyi,0.559284130366733
500112014,YouBike2.0_捷運象山站(1號出口),Xinyi,0.678400219755717
500112015,YouBike2.0_松德路200巷,Xinyi,0.91635787312025
500112016,YouBike2.0_中全公園,Xinyi,1.0456532246231
500112017,YouBike2.0_台北市災害應變中心,Xinyi,1.03510801762645
500112018,YouBike2.0_信義運動中心,Xinyi,0.693057009828234
500112019,YouBike2.0_捷運台北101/世貿站(3號出口),Xinyi,0.575327061809391
500112020,YouBike2.0_景新公園,Xinyi,0.880567711019215
500112021,YouBike2.0_光復信義路口東南側,Xinyi,0.901444559494952
500112022,YouBike2.0_三張犁,Xinyi,0.795251789658256
500112023,YouBike2.0_仁愛路四段496巷口,Xinyi,0.445651489780057
500112024,YouBike2.0_松山工農,Xinyi,0.771932115173104
500112025,YouBike2.0_松友公園,Xinyi,1.25203801685941
500112026,YouBike2.0_林口公園,Xinyi,1.4738822702232
500112027,YouBike2.0_松山家商,Xinyi,1.61021998302709
500112028,YouBike2.0_永春陂濕地公園,Xinyi,1.73527075168993
500112029,YouBike2.0_臺北市政府,Xinyi,0.0846489441751287
500112030,YouBike2.0_松智松壽路口,Xinyi,0.208422684168531
500112031,YouBike2.0_市府松壽路口,Xinyi,0.188542369186764
500112032,YouBike2.0_市府松高路口,Xinyi,0.158487853627376
500112033,YouBike2.0_市民廣場,Xinyi,0.317304334812453
500112035,YouBike2.0_信義廣場(台北101),Xinyi,0.55175271920278
500112036,YouBike2.0_捷運台北101/世貿站(5號出口),Xinyi,0.508398043855573
500112037,YouBike2.0_春光公園,Xinyi,1.75282217267356
500112038,YouBike2.0_松仁路121巷口,Xinyi,0.531370462969271
500112039,YouBike2.0_福德國小,Xinyi,2.17927896772022
500112040,YouBike2.0_福德公園,Xinyi,1.91382508989911
500112042,YouBike2.0_松高路(信義新天地A4館),Xinyi,0.247140778417254
500112043,YouBike2.0_興雅松仁路口,Xinyi,0.444251493855648
500112044,YouBike2.0_福祥公園,Xinyi,1.10569246467956
500112045,YouBike2.0_吳興公車總站,Xinyi,1.63253675123293
500112046,YouBike2.0_泰和公園,Wenshan,1.93607060765913
500112047,YouBike2.0_興雅國小(基隆路一段37巷),Xinyi,1.18218990029889
500112048,YouBike2.0_雅祥公園(松信路50巷口),Xinyi,1.29684331972269
500112049,YouBike2.0_松山車站,Xinyi,1.85713397768147
500112050,YouBike2.0_五常公園,Xinyi,1.49211747620601
500112051,YouBike2.0_永吉松信路口,Xinyi,1.13505695678522
500112052,YouBike2.0_三興國小,Xinyi,1.14087522435929
500112053,YouBike2.0_市民松信路口,Xinyi,1.4743966145022
500112054,YouBike2.0_松山高中,Xinyi,0.612124335611616
500112055,YouBike2.0_基隆光復路口,Xinyi,1.11093193895173
500112056,YouBike2.0_基隆忠孝路口西南側,Xinyi,0.399472084484203
500112057,YouBike2.0_泰和里民活動中心,Xinyi,1.91766455768321
500112058,YouBike2.0_捷運後山埤站(2號出口),Xinyi,1.86782365641624
500112059,YouBike2.0_虎林永吉路口,Xinyi,1.50441700627519
500112060,YouBike2.0_永吉公園,Xinyi,1.25499650672737
500112061,YouBike2.0_永吉路321巷口,Xinyi,1.39737965720933
500112062,YouBike2.0_松山永吉路口,Xinyi,1.61904022403206
500112063,YouBike2.0_松山路292巷口,Xinyi,1.46782125849947
500112064,YouBike2.0_捷運象山站(3號出口),Xinyi,0.857513105045002
500112065,YouBike2.0_松德公園,Xinyi,0.908131299538584
500112066,YouBike2.0_世貿三館,Xinyi,0.31405301768346
500112067,YouBike2.0_松德虎林街口,Xinyi,1.1721593573649
500112068,YouBike2.0_富台公園,Xinyi,0.873662055021665
500112069,YouBike2.0_基隆路一段101巷口,Xinyi,0.84883732138037
500112070,YouBike2.0_捷運永春站(2號出口),Xinyi,1.1279096902223
500112071,YouBike2.0_吳興街260巷,Xinyi,1.31164666418066
500112072,YouBike2.0_松山家商(林口街),Xinyi,1.47457524854986
500112073,YouBike2.0_仁愛逸仙路口,Xinyi,0.339012885668304
500112075,YouBike2.0_信義基隆路口,Xinyi,0.782043758766733
500112076,YouBike2.0_捷運台北101/世貿站(2號出口),Xinyi,0.644395054819907
500112078,YouBike2.0_吳興街284巷36弄口,Xinyi,1.72367001400921
500112079,YouBike2.0_協和祐德高級中學,Xinyi,2.009863849223
500112080,YouBike2.0_福德國小公車站,Xinyi,2.32208478126858
500112081,YouBike2.0_松仁路95巷口,Xinyi,0.433212432333984
500112082,YouBike2.0_臺北南山廣場_1,Xinyi,0.441583172796106
500112083,YouBike2.0_景聯廣場,Xinyi,0.797768641074381
500112084,YouBike2.0_景平公園,Xinyi,0.893953384139815
500112085,YouBike2.0_捷運市政府站(3號出口),Xinyi,0.47138570588004
500112086,YouBike2.0_五分埔公園,Xinyi,1.91792031012993
500112087,YouBike2.0_松仁路305號,Xinyi,1.7355957545524
500112088,YouBike2.0_吳興街394巷口,Xinyi,1.47668466805608
500112089,YouBike2.0_忠孝東路五段215巷口,Xinyi,0.686392483668655
500112090,YouBike2.0_松勤莊敬路口,Xinyi,0.713680605283604
500112091,YouBike2.0_松仁松平路口,Xinyi,0.899455195924531
500112092,YouBike2.0_信義松德路口,Xinyi,1.10667002848123
500112093,YouBike2.0_捷運市政府站(4號出口),Xinyi,0.487201053229872
500112094,YouBike2.0_吳興街284巷(廣安宮),Xinyi,1.61846581637495
500112095,YouBike2.0_景勤二號公園(西南側),Xinyi,1.47817313848031
500112096,YouBike2.0_克勤新村,Xinyi,1.37816193674827
500112097,YouBike2.0_和平東路三段291號,NTU,1.81171488846408
500112098,YouBike2.0_永吉路468巷口,Xinyi,1.68777478654833
500112099,YouBike2.0_廣慈博愛園區(西側),Xinyi,1.63983557900218
500112100,YouBike2.0_和平東路三段341巷口,Xinyi,1.85688152393727
500112101,YouBike2.0_革新公園,Xinyi,0.707273955811286
500112102,YouBike2.0_黎雙公園,Xinyi,1.52807482895442
500112103,YouBike2.0_臺北文化體育園區辦公大樓,Xinyi,0.523480862012324
500112104,YouBike2.0_捷運國父紀念館站(5號出口),Xinyi,0.821238019049807
500112105,YouBike2.0_光復南菸廠路口,Songshan,0.872896713412221
500112106,YouBike2.0_中坡北永吉路口,Xinyi,1.82796766450304
500112107,YouBike2.0_松仁路281巷66弄,Xinyi,1.83440897562286
500112108,YouBike2.0_基隆市民路口,Xinyi,1.30926750029471
500112109,YouBike2.0_松仁路253巷4弄口,Xinyi,1.44389732616002
500112110,YouBike2.0_松德路169巷口,Xinyi,1.14461763501317
500112111,YouBike2.0_吳興新村,Xinyi,1.12677561249502
500112113,YouBike2.0_永吉路187巷口,Xinyi,1.20933700799678
500112114,YouBike2.0_仁愛路四段512巷,Xinyi,0.349143749645255
500112115,YouBike2.0_信安街/富陽街44巷口,Xinyi,1.87892027051301
500112117,YouBike2.0_逸仙松高路口,Xinyi,0.360070348641509
500113001,YouBike2.0_德昌寶興街口(西北角),Taipei,2.51197938622606
500113002,YouBike2.0_寶興長泰街口(西南角),Taipei,2.60693921533192
500113003,YouBike2.0_萬大路486巷口,Taipei,2.65962805862897
500113004,YouBike2.0_國興中華路口,Taipei,1.53762146142565
500113005,YouBike2.0_古亭國中,Taipei,1.52514234187191
500113006,YouBike2.0_國興水源路口,Taipei,1.75067461866016
500113007,YouBike2.0_青年公園高爾夫球場,Taipei,1.6027443711983
500113008,YouBike2.0_國興青年路口,Taipei,1.54722137146
500113009,YouBike2.0_青年公園棒球場,Taipei,1.92699927166768
500113010,YouBike2.0_青年公園籃球場,Taipei,2.09254334337962
500113012,YouBike2.0_復華花園新城,Taipei,1.52415615993777
500113013,YouBike2.0_新和國小,Taipei,1.80591894025379
500113014,YouBike2.0_莒光郵局,Taipei,1.54869471324673
500113015,YouBike2.0_莒光立體停車場,Taipei,1.36509299508931
500113016,YouBike2.0_艋舺大道146巷口,Taipei,1.43318719350755
500113017,YouBike2.0_東園國小,Taipei,2.37959488448342
500113018,YouBike2.0_華中疏散門,Taipei,3.02921336339166
500113019,YouBike2.0_錦德公園,Taipei,2.74745156953724
500113020,YouBike2.0_忠德公園,Taipei,2.34983325684444
500113022,YouBike2.0_華江高中,Taipei,2.19746700160185
500113023,YouBike2.0_西園艋舺路口,Taipei,1.82964850614593
500113025,YouBike2.0_雙園國中,Taipei,2.62625864282293
500113026,YouBike2.0_長順區民活動中心,Taipei,2.65523478309741
500113027,YouBike2.0_華江國小,Taipei,2.51235590235491
500113028,YouBike2.0_華江八號公園,Taipei,2.25172059456882
500113029,YouBike2.0_環河南雙園街口,Taipei,2.4603314433846
500113030,YouBike2.0_大理高中,Taipei,2.53428491934446
500113031,YouBike2.0_糖廍文化園區,Taipei,2.08747292917666
500113032,YouBike2.0_兩棵樹公園,Taipei,2.03502908875495
500113033,YouBike2.0_萬華青年公宅,Taipei,2.23362113816947
500113034,YouBike2.0_開封西寧路口,Taipei,1.25964322383122
500113035,YouBike2.0_峨眉停車場,Taipei,1.21142113757813
500113036,YouBike2.0_長沙公園,Taipei,1.57211179034088
500113037,YouBike2.0_貓公園(中興橋頭),Taipei,1.44192594590981
500113038,YouBike2.0_西本願寺廣場,Taipei,0.811653417173788
500113039,YouBike2.0_中華桂林路口,Taipei,0.830888382867856
500113040,YouBike2.0_捷運龍山寺站(1號出口),Taipei,1.58233007046221
500113041,YouBike2.0_龍山國小,Taipei,1.97669885605075
500113042,YouBike2.0_華西公園,Taipei,1.62185598889926
500113043,YouBike2.0_老松國小,Taipei,1.32064473108903
500113044,YouBike2.0_萬華火車站,Taipei,1.25555177586596
500113045,YouBike2.0_萬華火車站(D2廣場),Taipei,1.4410096022394
500113046,YouBike2.0_捷運龍山寺站(3號出口),Taipei,1.32894110447898
500113047,YouBike2.0_臺北市電影主題公園(峨眉街),Taipei,1.40798591194441
500113048,YouBike2.0_臺北市電影主題公園(康定路),Taipei,1.46431194885891
500113049,YouBike2.0_中華峨眉街口,Taipei,0.913466356728614
500113050,YouBike2.0_萬華266號綠地,Taipei,1.3326621473911
500113051,YouBike2.0_萬大國小(萬大路344巷口),Taipei,2.15866266499778
500113052,YouBike2.0_德昌街10巷口,Taipei,2.0578266763176
500113053,YouBike2.0_環河南和平西路口,Taipei,2.47512297857794
500113054,YouBike2.0_長順街60巷口,Taipei,2.746619241308
500113055,YouBike2.0_西園公園,Taipei,2.08500494892381
500113056,YouBike2.0_華江污水廠,Taipei,2.3503395298396
500113057,YouBike2.0_柳鄉公園,Taipei,1.9776903551572
500113058,YouBike2.0_綠堤社區公園,Taipei,2.2546549660434
500113059,YouBike2.0_長順艋舺大道口,Taipei,2.41767809111483
500113060,YouBike2.0_富民路145巷口,Taipei,2.65421540583645
500113061,YouBike2.0_環南綜合市場,Taipei,2.78791030578383
500113062,YouBike2.0_龍山國中,Taipei,1.01118223269051
500113063,YouBike2.0_洛陽停車場,Taipei,1.42439924587487
500113064,YouBike2.0_桂林昆明街口,Taipei,1.13472960281533
500113065,YouBike2.0_萬華國中_1,Taipei,1.81940748065074
500113066,YouBike2.0_青年公園3號出口,Taipei,2.05825531336961
500113068,YouBike2.0_捷運龍山寺站(1號出口)_1,Taipei,1.4923596512541
500113069,YouBike2.0_莒光社會住宅,Taipei,1.60742671264064
500113070,YouBike2.0_艋舺西藏路口,Taipei,2.5516522216879
500113071,YouBike2.0_萬大路493巷,Taipei,2.53593391891401
500113072,YouBike2.0_雙園國中地下停車場,Taipei,2.6177975802304
500113073,YouBike2.0_青年路152巷口,Taipei,2.42914134458233
500113074,YouBike2.0_和平西路二段190巷口,Taipei,1.14736435810151
500113075,YouBike2.0_萬大路424巷口,Taipei,2.94241929097545
500113077,YouBike2.0_長泰街52巷口,Taipei,2.17444256288001
500113078,YouBike2.0_水源青年路口,Taipei,2.22283096171152
500113079,YouBike2.0_青年公園4號出口,Taipei,2.2056380067815
500113080,YouBike2.0_祥安水岸景觀大廈,Taipei,2.42344464267048
500113081,YouBike2.0_大理高中(西藏路),Taipei,2.60635891464742
500113083,YouBike2.0_綠堤公園(西北側),Taipei,2.28833778327715
500113085,YouBike2.0_艋舺雙園街口,Taipei,2.33639360543668
500113086,YouBike2.0_德昌街125巷口,Taipei,2.39605854614272
500113087,YouBike2.0_萬青街186號,Taipei,2.13928671189848
500119005,YouBike2.0_臺大水源舍區A棟,NTU,0.908895010995466
500119006,YouBike2.0_臺大卓越研究大樓,NTU,1.03507877541277
500119007,YouBike2.0_臺大水源修齊會館,NTU,0.953646571562856
500119008,YouBike2.0_臺大檔案展示館,NTU,1.05720929172375
500119009,YouBike2.0_臺大水源舍區B棟,NTU,0.947485734556782
500119043,YouBike2.0_臺大男八舍東側,NTU,0.682096576408267
500119044,YouBike2.0_臺大禮賢樓東南側,NTU,0.176808025670514
500119045,YouBike2.0_臺大農業陳列館北側,NTU,0.708472422600488
500119046,YouBike2.0_臺大管理學院二館北側,NTU,0.282860523335881
500119047,YouBike2.0_臺大土木系館,NTU,0.382017032178047
500119048,YouBike2.0_臺大大一女舍北側,NTU,0.527147155545983
500119049,YouBike2.0_臺大女九舍西南側,NTU,0.614034333851719
500119050,YouBike2.0_臺大小福樓東側,NTU,0.498199594522125
500119051,YouBike2.0_臺大立體機車停車場,NTU,0.375491409350962
500119052,YouBike2.0_臺大工綜館南側,NTU,0.489983389018786
500119053,YouBike2.0_臺大天文數學館南側,NTU,0.770296962181592
500119054,YouBike2.0_臺大心理系館南側,NTU,0.57709881158243
500119055,YouBike2.0_臺大樂學館東側,NTU,0.541491452469553
500119056,YouBike2.0_臺大農化新館西側,NTU,0.46597115547601
500119057,YouBike2.0_臺大五號館西側,NTU,0.347219914187842
500119058,YouBike2.0_臺大舊體育館西側,NTU,0.710757837332108
500119059,YouBike2.0_臺大共同教室北側,NTU,0.239606848091908
500119060,YouBike2.0_臺大共同教室東南側,NTU,0.21932554449001
500119061,YouBike2.0_臺大鹿鳴堂東側,NTU,0.182103801805333
500119062,YouBike2.0_臺大公館停車場西北側,NTU,0.171529939744708
500119063,YouBike2.0_臺大第二行政大樓南側,NTU,0.365293971992743
500119064,YouBike2.0_臺大明達館機車停車場,NTU,0.585483701792928
500119065,YouBike2.0_臺大二號館,NTU,0.477414914726833
500119066,YouBike2.0_臺大凝態館南側,NTU,0.865734787402243
500119067,YouBike2.0_臺大社科院西側,NTU,0.722343534130074
500119068,YouBike2.0_臺大社會系館南側,NTU,0.662729500507583
500119069,YouBike2.0_臺大思亮館東南側,NTU,0.716717408630844
500119070,YouBike2.0_臺大椰林小舖,NTU,0.390881458122257
500119071,YouBike2.0_臺大計資中心南側,NTU,0.675640153845329
500119072,YouBike2.0_臺大原分所北側,NTU,0.507490723728751
500119074,YouBike2.0_臺大生命科學館西北側,NTU,0.177709085769488
500119075,YouBike2.0_臺大第一活動中心西南側,NTU,0.37301091732338
500119076,YouBike2.0_臺大博理館西側,NTU,0.604244333351664
500119077,YouBike2.0_臺大博雅館西側,NTU,0.617271209908765
500119078,YouBike2.0_臺大森林館北側,NTU,0.310702024530632
500119079,YouBike2.0_臺大一號館,NTU,0.575173859223377
500119080,YouBike2.0_臺大小小福西南側,NTU,0.28589494141439
500119081,YouBike2.0_臺大教研館北側,NTU,0.105827879461941
500119082,YouBike2.0_臺大四號館東北側,NTU,0.345268303575124
500119083,YouBike2.0_臺大新生教室南側,NTU,0.597379602549772
500119084,YouBike2.0_臺大鄭江樓北側,NTU,0.600346536258057
500119085,YouBike2.0_臺大電機二館東南側,NTU,0.56662698510564
500119086,YouBike2.0_臺大圖資系館北側,NTU,0.416954538407445
500119087,YouBike2.0_臺大總圖書館西南側,NTU,0.304142108478019
500119088,YouBike2.0_臺大黑森林西側,NTU,0.749805314022207
500119089,YouBike2.0_臺大獸醫館南側,NTU,0.503792498315514
500119090,YouBike2.0_臺大新體育館東南側,NTU,0.836456016276817
500119091,YouBike2.0_臺大明達館北側(員工宿舍),NTU,0.684328208835416
500119092,YouBike2.0_臺大管理學院一館,NTU,0.115025221103911
500119093,YouBike2.0_臺大禮賢樓西側,NTU,0.183469639519088
500119094,YouBike2.0_臺大大一女餐廳廣場,NTU,0.455345380312913
500119095,YouBike2.0_臺大學新館,NTU,0.698473850967112
500119096,YouBike2.0_臺大水源舍區C棟,NTU,1.06764119904448
